rssd,name,report_date,drawn,undrawn,ead_basel,ead_us,rwa_reported,cet1,cet1_ratio_reported,card_rwa_us,card_rwa_45,card_rwa_75,card_rwa_100,cet1_ratio_basel_45,cet1_ratio_basel_75,cet1_ratio_basel_100,cet1_ratio_offbs_only,meets_minimum_75,meets_buffer_75,capital_status,outflow_30d,liquid,liquidity_cover,dq30_rate,dq90_rate,nco_rate,yield_rate,allowance_to_cards,notes
100562,TRI COUNTIES BANK,2023-03-31,26.0,53332.0,5359.200000000001,26.0,7823523.0,1029875.0,0.13163826577872909,26.0,2411.6400000000003,4019.4000000000005,5359.200000000001,0.13159813733782613,0.13157110727995408,0.1315485907123955,0.13157099802288666,True,True,above buffer,2666.6000000000004,2667415.0,1000.3056326408159,0.0,0.0,0.0,0.034482758620689655,4169.5,
100562,TRI COUNTIES BANK,2023-06-30,18.0,54997.0,5517.700000000001,18.0,7960411.0,1047217.0,0.13155313211842956,18.0,2482.9650000000006,4138.275000000001,5517.700000000001,0.13151240890890858,0.13148507600028225,0.1314623072538335,0.13148500171059876,True,True,above buffer,2749.8500000000004,2583519.0,939.512700692765,0.0,0.0,0.0,0.045454545454545456,6518.277777777777,
100562,TRI COUNTIES BANK,2023-09-30,17.0,56899.0,5706.900000000001,17.0,8117383.0,1070347.0,0.13185862980716814,17.0,2568.1050000000005,4280.175,5706.900000000001,0.13181720272100655,0.1317894152166756,0.1317662679107558,0.1317893462522428,True,True,above buffer,2844.9500000000003,2423689.0,851.9267473945059,0.0,0.0,0.0,0.058823529411764705,6812.470588235294,
100562,TRI COUNTIES BANK,2023-12-31,13.0,85307.0,8543.7,13.0,8120460.0,1088717.0,0.13407085312900993,13.0,3844.6650000000004,6407.775000000001,8543.7,0.13400762120472198,0.13396535684987676,0.133930156913576,0.1339653032759853,True,True,above buffer,4265.35,2383894.0,558.8976285650649,0.0,0.0,0.0,0.13333333333333333,9347.846153846154,
100562,TRI COUNTIES BANK,2024-03-31,0.0,101718.0,10171.800000000001,0.0,8097762.0,1100831.0,0.13594262217140982,0.0,4577.31,7628.85,10171.800000000001,0.13586582317545526,0.13581467203398342,0.13577207549474565,0.13581467203398342,True,True,above buffer,5085.900000000001,2283936.0,449.07214062407826,,,0.0,0.0,,
100562,TRI COUNTIES BANK,2024-06-30,0.0,104023.0,10402.300000000001,0.0,8041100.0,1110208.0,0.13806668241907202,0.0,4681.035000000001,7801.725,10402.300000000001,0.1379863552302104,0.13793285567789684,0.13788830439755323,0.13793285567789684,True,True,above buffer,5201.150000000001,2270010.0,436.44386337636865,,,,,,
100562,TRI COUNTIES BANK,2024-09-30,0.0,106826.0,10682.6,0.0,7967080.0,1132442.0,0.14214015674500569,0.0,4807.17,8011.950000000001,10682.6,0.14205444405455628,0.1419973596668061,0.14194982437807815,0.1419973596668061,True,True,above buffer,5341.3,2416637.0,452.44359987269013,,,,,,
100562,TRI COUNTIES BANK,2024-12-31,0.0,106998.0,10699.800000000001,0.0,8007044.0,1148328.0,0.14341472333610256,0.0,4814.910000000001,8024.85,10699.800000000001,0.14332853497541184,0.14327113359731153,0.1432233342252717,0.14327113359731153,True,True,above buffer,5349.900000000001,2161607.0,404.0462438550253,,,,,,
100562,TRI COUNTIES BANK,2025-03-31,0.0,109443.0,10944.300000000001,0.0,8047356.0,1165564.0,0.14483813068540774,0.0,4924.935,8208.225,10944.300000000001,0.1447495448070827,0.14469054773131054,0.14464142022604942,0.14469054773131054,True,True,above buffer,5472.150000000001,2265285.0,413.96617417285705,,,,,,
100562,TRI COUNTIES BANK,2025-06-30,0.0,111449.0,11144.900000000001,0.0,8188732.0,1167759.0,0.14260559510312462,0.0,5015.205000000001,8358.675000000001,11144.900000000001,0.14251830948450647,0.14246017840957945,0.14241177205965128,0.14246017840957945,True,True,above buffer,5572.450000000001,2231295.0,400.4154366571256,,,,,,
100562,TRI COUNTIES BANK,2025-09-30,0.0,115507.0,11550.7,0.0,8211998.0,1130460.0,0.13765955617621922,0.0,5197.8150000000005,8663.025000000001,11550.7,0.1375724791584512,0.13751448898843266,0.13746620117906033,0.13751448898843266,True,True,above buffer,5775.35,2132337.0,369.2134675820513,,,,,,
100562,TRI COUNTIES BANK,2025-12-31,0.0,108826.0,10882.6,0.0,8349601.0,1145890.0,0.13723889321178342,0.0,4897.17,8161.950000000001,10882.6,0.13715844766293125,0.1371048696708968,0.13706025330879185,0.1371048696708968,True,True,above buffer,5441.3,1979488.0,363.78953558892175,,,,,,
110936,BANCO DO BRASIL AMERICAS,2023-03-31,7294.0,55346.0,12828.6,7294.0,731518.0,189350.0,0.2588453052419763,7294.0,5772.87,9621.45,12828.6,0.2593846738000397,0.258024356490866,0.2569016105499119,0.2573847924395885,True,True,above buffer,2767.3,1627948.0,588.2802731904744,0.013024403619413216,0.0010967918837400603,0.003789363648242519,0.00810139814451849,1.6961886482040034,
110936,BANCO DO BRASIL AMERICAS,2023-06-30,11148.0,85458.0,19693.800000000003,11148.0,851135.0,200251.0,0.2352752501072098,11148.0,8862.210000000001,14770.350000000002,19693.800000000003,0.235908801752905,0.23427818432915495,0.2329364573455636,0.23351678545838475,True,True,above buffer,4272.900000000001,1641094.0,384.07030354092063,0.014890563329745246,0.01022604951560818,0.0037072470700789287,0.01662281750777326,1.4141550053821312,
110936,BANCO DO BRASIL AMERICAS,2023-09-30,11340.0,85773.0,19917.300000000003,11340.0,930920.0,242374.0,0.26035964422291924,11340.0,8962.785000000002,14937.975000000002,19917.300000000003,0.2610262057014422,0.2593572370825719,0.25798264667711124,0.2585728177797697,True,True,above buffer,4288.650000000001,1543283.0,359.8528674524617,0.0019400352733686067,0.005467372134038801,0.004476584022038568,0.019025482093663913,1.5770723104056437,
110936,BANCO DO BRASIL AMERICAS,2023-12-31,12189.0,86066.0,20795.6,12189.0,1002557.0,254281.0,0.2536324617951897,12189.0,9358.02,15596.699999999999,20795.6,0.2543506870012246,0.25277328319771064,0.25147364877454054,0.25200989938721735,True,True,above buffer,4303.3,1526154.0,354.6473636511514,0.00746574780539831,0.0,0.008939268270205511,0.02737074923970141,1.6147345967675772,
110936,BANCO DO BRASIL AMERICAS,2024-03-31,12245.0,96186.0,21863.6,12245.0,1037749.0,266311.0,0.2566237115140559,12245.0,9838.619999999999,16397.699999999997,21863.6,0.25722016543663584,0.25560088826038,0.2542669832444693,0.2548520978662449,True,True,above buffer,4809.3,1522514.0,316.5770486349365,0.008084932625561453,0.0008166598611678236,0.0010374271805921316,0.006384167265182348,1.6859942833809718,
110936,BANCO DO BRASIL AMERICAS,2024-06-30,13750.0,98667.0,23616.7,13750.0,1151983.0,278338.0,0.2416164127422019,13750.0,10627.515000000001,17712.525,23616.7,0.2422731013607862,0.24078816343875722,0.23956454952822212,0.24007424121118215,True,True,above buffer,4933.35,1357083.0,275.08346255586974,0.005745454545454546,0.00021818181818181818,0.0015488709545936252,0.013532240971712725,1.5607272727272727,
110936,BANCO DO BRASIL AMERICAS,2024-09-30,13203.0,123859.0,25588.9,13203.0,1205532.0,290093.0,0.24063484005401764,13203.0,11515.005000000001,19191.675000000003,25588.9,0.24097225121788102,0.2394453565557187,0.2381876479522963,0.23879476771658023,True,True,above buffer,6192.950000000001,1282195.0,207.04107089513073,0.0059834886010755135,0.00022722108611679165,0.0013790100159674845,0.019015822325446363,1.6963568885859275,
110936,BANCO DO BRASIL AMERICAS,2024-12-31,14789.0,129700.0,27759.0,14789.0,1229550.0,301154.0,0.24493025903785937,14789.0,12491.550000000001,20819.25,27759.0,0.24538877511397306,0.24373487679169362,0.242373563403406,0.24300772022408218,True,True,above buffer,6485.0,1149501.0,177.25535851966075,0.013726418283859626,0.0012847386571100143,0.0014944332361951729,0.027348128222371666,1.5082155656230982,
110936,BANCO DO BRASIL AMERICAS,2025-03-31,13811.0,137921.0,27603.1,13811.0,1293322.0,312537.0,0.24165443717805773,13811.0,12421.395,20702.324999999997,27603.1,0.2419143611612897,0.24037363253449198,0.23910460456359547,0.23973700473873266,True,True,above buffer,6896.05,1241537.0,180.03596261628033,0.007602635580334516,0.0012309029034827312,0.00041681139284473776,0.007711010767627649,1.7100137571500977,
110936,BANCO DO BRASIL AMERICAS,2025-06-30,14994.0,143085.0,29302.5,14994.0,1387817.0,325545.0,0.23457343439372771,14994.0,13186.125,21976.875,29302.5,0.23487940600679666,0.23339907454465467,0.2321796444041564,0.23277349987983076,True,True,above buffer,7154.25,1218115.0,170.26452807771605,0.004201680672268907,0.0008003201280512205,0.0055359838953195776,0.016679847580703143,1.678404695211418,
110936,BANCO DO BRASIL AMERICAS,2025-09-30,14815.0,148808.0,29695.800000000003,14815.0,1499846.0,338919.0,0.22596919950448247,14815.0,13363.110000000002,22271.850000000002,29695.800000000003,0.22618815553139085,0.2248512964730346,0.22374925960245767,0.22430014534681714,True,True,above buffer,7440.400000000001,1219355.0,163.88299016181924,0.003644954438069524,0.0012149848126898413,0.005375273740792355,0.023558298493596124,1.795545055686804,
110936,BANCO DO BRASIL AMERICAS,2025-12-31,16356.0,165491.0,32905.100000000006,16356.0,1489127.0,351317.0,0.23592144927867134,16356.0,14807.295000000004,24678.825000000004,32905.100000000006,0.2361670650753882,0.23461019804119315,0.23332840310077313,0.23397130606995795,True,True,above buffer,8274.550000000001,1184760.0,143.18120018611282,0.0071533382245047685,6.113964294448521e-05,0.008820431806213797,0.03185887309110058,1.647040841281487,
114260,FIRST NATIONAL BANK ALASKA,2023-03-31,1797.0,76164.0,9413.400000000001,1797.0,2936865.0,557149.0,0.18970875406258034,1797.0,4236.030000000001,7060.050000000001,9413.400000000001,0.18955133402787191,0.18936939199502212,0.18921804022942718,0.18934048053724878,True,True,above buffer,3808.2000000000003,3041893.0,798.7744866341053,0.012242626599888704,0.0,0.01287001287001287,0.030244530244530245,10.601001669449081,
114260,FIRST NATIONAL BANK ALASKA,2023-06-30,1982.0,77836.0,9765.6,1982.0,2944164.0,561471.0,0.19070642803865545,1982.0,4394.52,7324.200000000001,9765.6,0.19055028647279115,0.19036101704075073,0.19020357949443276,0.19032904286122954,True,True,above buffer,3891.8,3054808.0,784.9344776196104,0.0075681130171543895,0.0,0.018844221105527637,0.05464824120603015,9.510595358224016,
114260,FIRST NATIONAL BANK ALASKA,2023-09-30,1748.0,77100.0,9458.0,1748.0,2930247.0,566857.0,0.19345024497934815,1748.0,4256.1,7093.5,9458.0,0.1932848058128004,0.1930979861816652,0.1929425788056122,0.1930692453873505,True,True,above buffer,3855.0,3069345.0,796.1984435797665,0.020594965675057208,0.0,0.04472630173564753,0.08678237650200267,10.569221967963387,
114260,FIRST NATIONAL BANK ALASKA,2023-12-31,1819.0,77836.0,9602.6,1819.0,2848332.0,563169.0,0.19771887546816874,1819.0,4321.17,7201.950000000001,9602.6,0.19754533810712674,0.19734591922013794,0.1971800441130604,0.1973144764307462,True,True,above buffer,3891.8,3308365.0,850.0860784212961,0.0,0.0,0.05356017643352237,0.10712035286704474,9.758108851017042,
114260,FIRST NATIONAL BANK ALASKA,2024-03-31,2097.0,73314.0,9428.400000000001,2097.0,2896850.0,566511.0,0.19556104044047845,2097.0,4242.780000000001,7071.300000000001,9428.400000000001,0.19541628998162944,0.19522581019119595,0.19506736046171222,0.19519054663506905,True,True,above buffer,3665.7000000000003,2696256.0,735.5364596120795,0.008583690987124463,0.0,-0.002466091245376079,0.02219482120838471,8.965188364329995,
114260,FIRST NATIONAL BANK ALASKA,2024-06-30,2519.0,74131.0,9932.1,2519.0,2909983.0,572024.0,0.19657296967026955,2519.0,4469.445000000001,7449.075000000001,9932.1,0.19644130293644127,0.19624050024201836,0.19607347798949892,0.1961981127819654,True,True,above buffer,3706.55,2578672.0,695.706789332398,0.0055577610162763,0.0,0.0,0.04562043795620438,7.542675664946407,
114260,FIRST NATIONAL BANK ALASKA,2024-09-30,1923.0,74782.0,9401.2,1923.0,2909002.0,579884.0,0.19934121736595575,1923.0,4230.540000000001,7050.900000000001,9401.2,0.1991832170480917,0.1989904430821701,0.19883008291981547,0.1989576206345091,True,True,above buffer,3739.1000000000004,2970430.0,794.4237918215613,0.013520540821632865,0.0,0.0024154589371980675,0.07004830917874397,9.646385855434218,
114260,FIRST NATIONAL BANK ALASKA,2024-12-31,1900.0,75244.0,9424.400000000001,1900.0,2976345.0,579547.0,0.19471768225793717,1900.0,4240.9800000000005,7068.300000000001,9424.400000000001,0.19456465162534523,0.1943801491678739,0.19422666420990142,0.1943491864136422,True,True,above buffer,3762.2000000000003,2401067.0,638.2082292275795,0.01,0.0005263157894736842,0.007590132827324478,0.09740670461733081,9.486842105263158,
114260,FIRST NATIONAL BANK ALASKA,2025-03-31,1785.0,75311.0,9316.1,1785.0,3014643.0,584613.0,0.19392445473643147,1785.0,4192.245,6987.075000000001,9316.1,0.1937697262313906,0.19359039469930422,0.19344120512448307,0.19356179159306758,True,True,above buffer,3765.55,2168356.0,575.8404482744884,0.0061624649859943975,0.004481792717086834,0.00788436268068331,0.022996057818659658,10.92436974789916,
114260,FIRST NATIONAL BANK ALASKA,2025-06-30,1809.0,77188.0,9527.8,1809.0,3044010.0,590328.0,0.1939310317640218,1809.0,4287.51,7145.849999999999,9527.8,0.1937732566731394,0.19359162110404068,0.193440518043412,0.19356291370143036,True,True,above buffer,3859.4,2206135.0,571.6264186142923,0.027639579878385848,0.00552791597567717,0.02155453951665578,0.0581319399085565,11.069651741293532,
114260,FIRST NATIONAL BANK ALASKA,2025-09-30,1791.0,79143.0,9705.3,1791.0,3059691.0,599020.0,0.19577793966776383,1791.0,4367.385,7278.974999999999,9705.3,0.19561322532911346,0.19542741382662654,0.19527284034878933,0.19539887068279652,True,True,above buffer,3957.15,2531780.0,639.7988451284384,0.01675041876046901,0.005025125628140704,0.057912457912457915,0.08215488215488216,11.222780569514239,
114260,FIRST NATIONAL BANK ALASKA,2025-12-31,1690.0,80447.0,9734.7,1690.0,3239975.0,593748.0,0.18325696957538254,1690.0,4380.615000000001,7301.025000000001,9734.7,0.18310491135855214,0.1829401517712044,0.18280307844191954,0.1829163403075166,True,True,above buffer,4022.3500000000004,2267725.0,563.7811229753751,0.01301775147928994,0.0029585798816568047,0.07207207207207207,0.10810810810810811,12.692307692307692,
1218446,BANKERS' BANK OF KANSAS,2023-03-31,24772.0,169766.0,41748.600000000006,24772.0,150750.0,32789.0,0.21750580431177446,24772.0,18786.870000000003,31311.450000000004,41748.600000000006,0.2264983210360359,0.20846280535662118,0.1954907569818979,0.20056587113784996,True,True,above buffer,8488.300000000001,49352.0,5.8141206130791785,0.013482964637493945,0.009688357823348943,0.0038086657383897124,0.02272913424522893,0.1089940255126756,
1218446,BANKERS' BANK OF KANSAS,2023-06-30,25554.0,173974.0,42951.4,25554.0,153599.0,32997.0,0.21482561735427966,25554.0,19328.13,32213.550000000003,42951.4,0.2239010598472055,0.2058985308428162,0.1929689747854341,0.19800530522442492,True,True,above buffer,8698.7,56203.0,6.461080391322841,0.013266024888471473,0.009744071378257807,0.01125136105174013,0.04653788764769932,0.10514987868826799,
1218446,BANKERS' BANK OF KANSAS,2023-09-30,25537.0,182101.0,43747.100000000006,25537.0,158086.0,32772.0,0.20730488468302063,25537.0,19686.195000000003,32810.325000000004,43747.100000000006,0.21527216488933454,0.1981865854858805,0.18589180361902502,0.19081936544059944,True,True,above buffer,9105.050000000001,40949.0,4.497394303161432,0.012687473078278576,0.012295884403023065,0.0182962817233917,0.06987999213063152,0.10643380193444806,
1218446,BANKERS' BANK OF KANSAS,2023-12-31,26577.0,181849.0,44761.9,26577.0,158207.0,33155.0,0.209567212575929,26577.0,20142.855,33571.425,44761.9,0.2184514483831776,0.20069439473660716,0.18796214565408048,0.1929347363557448,True,True,above buffer,9092.45,63129.0,6.943013159269503,0.01538924634082101,0.012793016518041916,0.025801925400475503,0.0947109950500838,0.10219362606765248,
1218446,BANKERS' BANK OF KANSAS,2024-03-31,24754.0,201040.0,44858.0,24754.0,150676.0,33342.0,0.22128275239586928,24754.0,20186.100000000002,33643.5,44858.0,0.2282009005660877,0.20895494326781164,0.19523363391497833,0.2011535166572149,True,True,above buffer,10052.0,53621.0,5.334361321130124,0.011796073361880908,0.013613961379978994,0.0069594432445404366,0.025557955363570913,0.11052759150036358,
1218446,BANKERS' BANK OF KANSAS,2024-06-30,24678.0,205168.0,45194.8,24678.0,157491.0,34957.0,0.22196188988577126,24678.0,20337.660000000003,33896.100000000006,45194.8,0.2282523627387567,0.20968861327905913,0.19637903507599105,0.2022054782951736,True,True,above buffer,10258.400000000001,54698.0,5.332020588005926,0.014223194748358862,0.012642839776318988,0.012582433143180806,0.05130072419792046,0.11431234297755086,
1218446,BANKERS' BANK OF KANSAS,2024-09-30,25065.0,205891.0,45654.100000000006,25065.0,156049.0,35365.0,0.22662753365929933,25065.0,20544.345000000005,34240.575000000004,45654.100000000006,0.2333886772141542,0.2140420091865874,0.20021161912407345,0.20622094505639002,True,True,above buffer,10294.550000000001,40893.0,3.972296020709987,0.015080789946140035,0.01615798922800718,0.01902587519025875,0.074140831530882,0.11370436864153202,
1218446,BANKERS' BANK OF KANSAS,2024-12-31,26053.0,199914.0,46044.4,26053.0,164049.0,35205.0,0.21460051569957755,26053.0,20719.98,34533.3,46044.4,0.22181131351739125,0.20405229720401116,0.19128952121382045,0.19662923701656396,True,True,above buffer,9995.7,60368.0,6.039396940684494,0.014547269028518788,0.01573715119180133,0.029101796407185628,0.09664670658682635,0.11207922312209727,
1218446,BANKERS' BANK OF KANSAS,2025-03-31,24491.0,206536.0,45144.600000000006,24491.0,156881.0,35530.0,0.22647739369330894,24491.0,20315.070000000003,33858.450000000004,45144.600000000006,0.23267072926917226,0.21371627825703035,0.2001300028276178,0.20612492110050865,True,True,above buffer,10326.800000000001,79804.0,7.727853739783862,0.00873790371973378,0.014290964027601976,0.008683542229868108,0.023224379454411404,0.11910497733861418,
1218446,BANKERS' BANK OF KANSAS,2025-06-30,24767.0,208466.0,45613.600000000006,24767.0,165301.0,35824.0,0.21671980205806377,24767.0,20526.120000000003,34210.200000000004,45613.600000000006,0.22242625921301934,0.20500823489420533,0.19244943260079636,0.19799271510166994,True,True,above buffer,10423.300000000001,66845.0,6.413036178561492,0.014091331206847822,0.013566439213469537,0.01658231494054232,0.04727811381310949,0.12815439899866757,
1218446,BANKERS' BANK OF KANSAS,2025-09-30,24445.0,197055.0,44150.5,24445.0,170566.0,36279.0,0.21269772404816903,24445.0,19867.725000000002,33112.875,44150.5,0.21856303794128185,0.20241151400649013,0.19066964837088055,0.1957375463746349,True,True,above buffer,9852.75,39281.0,3.986805714140722,0.01476784618531397,0.01624053998772755,0.023098660769136258,0.07089323012655117,0.1400286357128247,
1218446,BANKERS' BANK OF KANSAS,2025-12-31,25580.0,198903.0,45470.3,25580.0,180415.0,36460.0,0.20208962669401104,25580.0,20461.635000000002,34102.725000000006,45470.3,0.20799030169632177,0.1929736372130023,0.18202214319840765,0.18665587141120363,True,True,above buffer,9945.150000000001,48447.0,4.871419737258864,0.015989053948397187,0.013330727130570758,0.03457032850004096,0.09482264274596543,0.11121970289288506,
1391778,COMENITY BANK,2023-03-31,7519512.0,54509438.0,12970455.8,7519512.0,7738916.0,1416151.0,0.18299087365724087,7519512.0,5836705.11,9727841.850000001,12970455.8,0.23383842237280958,0.14236614047294305,0.10736664539830817,0.11973756409086726,True,True,above buffer,2725471.9000000004,1389648.0,0.5098742716811719,0.031882122137713194,0.038387464505675366,0.017696538874202687,0.06934940883485946,0.1267005092883687,
1391778,COMENITY BANK,2023-06-30,7338886.0,53407972.0,12679683.2,7338886.0,7507886.0,1408015.0,0.18753814322700157,7338886.0,5705857.4399999995,9509762.399999999,12679683.2,0.23966794332970234,0.1454746941613114,0.10958438137847465,0.12229269717396313,True,True,above buffer,2670398.6,1404929.0,0.5261120942768619,0.034686054531982105,0.033683177528578585,0.03603557423687111,0.14019758067600283,0.12677646171367152,
1391778,COMENITY BANK,2023-09-30,7210037.0,51605915.0,12370628.5,7210037.0,7352624.0,1491720.0,0.20288267154691986,7210037.0,5566782.825,9277971.375,12370628.5,0.26127577048312856,0.15834730178613218,0.11921156476526756,0.13291553163923844,True,True,above buffer,2580295.75,1344622.0,0.5211115818797128,0.037287603378457004,0.04052836344667857,0.052945840289657924,0.21651654746446264,0.12674206803654406,
1391778,COMENITY BANK,2023-12-31,7625309.0,51958818.0,12821190.8,7625309.0,7756999.0,1529878.0,0.1972254991911176,7625309.0,5769535.86,9615893.100000001,12821190.8,0.25924749133394465,0.15694946986397065,0.11811102283902743,0.13127593692189332,True,True,above buffer,2597940.9000000004,1372660.0,0.5283645982862812,0.036768477185645854,0.04089985074703202,0.07059808126552186,0.2835092454600351,0.1205220667123129,
1391778,COMENITY BANK,2024-03-31,7081742.0,51587340.0,12240476.0,7081742.0,7411111.0,1350764.0,0.18226201172806614,7081742.0,5508214.2,9180357.0,12240476.0,0.23139096330138814,0.1420402648825003,0.1074606727449702,0.1197468670993762,True,True,above buffer,2579367.0,1287888.0,0.499303898979866,0.03387584580178154,0.04124606629272854,0.01874631149739793,0.065897177960191,0.12720980233394552,
1391778,COMENITY BANK,2024-06-30,6768126.0,46808076.0,11448933.600000001,6768126.0,7049475.0,1271075.0,0.18030775341426133,6768126.0,5152020.120000001,8586700.200000001,11448933.600000001,0.2339386432114886,0.14333197429712047,0.10835842948915825,0.12036603091489634,True,True,above buffer,2340403.8000000003,1268804.0,0.5421303793815409,0.03616451584973448,0.037432665999421404,0.03874382355262127,0.13521958804935974,0.1262885767788602,
1391778,COMENITY BANK,2024-09-30,6586261.0,46448723.0,11231133.3,6586261.0,6833333.0,1191249.0,0.17432913045507953,6586261.0,5054009.985,8423349.975000001,11231133.3,0.22471808649079023,0.13739227495902814,0.1037835592642693,0.11546481293622035,True,True,above buffer,2322436.15,1161710.0,0.5002118142193059,0.03868036811781373,0.04232021779883913,0.05836397112786616,0.20957264239675816,0.12550428839670946,
1391778,COMENITY BANK,2024-12-31,6987394.0,44036154.0,11391009.4,6987394.0,7203514.0,1190402.0,0.1652529584866497,6987394.0,5125954.23,8543257.05,11391009.4,0.22283516640688833,0.13590030354955435,0.10255782967320068,0.11330443976619176,True,True,above buffer,2201807.7,1343330.0,0.6101032347193626,0.033926811626766716,0.0386382963376618,0.07654496389760047,0.27165677193494275,0.12084491013387824,
1391778,COMENITY BANK,2025-03-31,6548288.0,43030806.0,10851368.600000001,6548288.0,6906267.0,1173398.0,0.1699033645817632,6548288.0,4883115.870000001,8138526.450000001,10851368.600000001,0.22388413663651155,0.13810360116934897,0.10468031163562096,0.11579306575487812,True,True,above buffer,2151540.3000000003,1339539.0,0.6225953564523052,0.03442594461330962,0.037961983345876055,0.018170808912895124,0.06544832252598018,0.12304574875142939,
1391778,COMENITY BANK,2025-06-30,6410832.0,42841236.0,10694955.600000001,6410832.0,6727727.0,1063788.0,0.15811997127707472,6410832.0,4812730.0200000005,8021216.700000001,10694955.600000001,0.20738124051024687,0.1275814043124416,0.09660392595591516,0.10701210082303375,True,True,above buffer,2142061.8000000003,1242075.0,0.5798502172066183,0.03403442798064276,0.03553704105800932,0.03631861671038881,0.13294379783098384,0.1209468599395523,
1391778,COMENITY BANK,2025-09-30,6346682.0,38053085.0,10151990.5,6346682.0,6599442.0,1015435.0,0.15386679661704733,6346682.0,4568395.725000001,7613992.875,10151990.5,0.21062065984188882,0.12907930579934482,0.09759340216759643,0.10741452696230269,True,True,above buffer,1902654.25,1172867.0,0.6164372744023251,0.03634749621928435,0.03736235721279245,0.0536050565340343,0.20304051264998893,0.11998505675879144,
1391778,COMENITY BANK,2025-12-31,6756180.0,37768445.0,10533024.5,6756180.0,6979457.0,1054628.0,0.1511045916609272,6756180.0,4739861.025,7899768.375,10533024.5,0.21249217625778197,0.129831602719565,0.09804745618184837,0.1074824996197612,True,True,above buffer,1888422.25,1226993.0,0.6497450451031278,0.03363720327167127,0.03574845548816047,0.06981352519845278,0.267575833619458,0.11397091255709588,
2122997,CREDIT FIRST NATIONAL ASSOCIATION,2023-03-31,0.0,8360132.0,836013.2000000001,0.0,10470.0,37752.0,3.605730659025788,0.0,376205.94000000006,627009.9,836013.2000000001,0.09763214127054297,0.05922069072295456,0.044598640587314664,0.05922069072295456,True,False,within buffer range,418006.60000000003,36171.0,0.08653212652623188,,,,,,
2122997,CREDIT FIRST NATIONAL ASSOCIATION,2023-06-30,0.0,9158354.0,915835.4,0.0,10120.0,36988.0,3.6549407114624506,0.0,412125.93,686876.55,915835.4,0.08759823925360276,0.053067694524456394,0.03994576844629882,0.053067694524456394,True,False,within buffer range,457917.7,35921.0,0.07844422698663973,,,,,,
2122997,CREDIT FIRST NATIONAL ASSOCIATION,2023-09-30,0.0,9794815.0,979481.5,0.0,10109.0,34773.0,3.439806113364329,0.0,440766.675,734611.125,979481.5,0.07712325576224532,0.046692708888456586,0.03513877710022479,0.046692708888456586,True,False,within buffer range,489740.75,33921.0,0.06926317648674324,,,,,,
2122997,CREDIT FIRST NATIONAL ASSOCIATION,2023-12-31,0.0,10154033.0,1015403.3,0.0,9114.0,36275.0,3.9801404432740837,0.0,456931.48500000004,761552.4750000001,1015403.3,0.07783575030235514,0.04706964838453625,0.03540691797005282,0.04706964838453625,True,False,within buffer range,507701.65,36920.0,0.07271987396534953,,,,,,
2122997,CREDIT FIRST NATIONAL ASSOCIATION,2024-03-31,0.0,10584231.0,1058423.1,0.0,9765.0,38095.0,3.901177675371224,0.0,476290.3950000001,793817.3250000001,1058423.1,0.07837584026816531,0.04740646827940124,0.03566319452538368,0.04740646827940124,True,False,within buffer range,529211.55,38420.0,0.07259856667905301,,,,,,
2122997,CREDIT FIRST NATIONAL ASSOCIATION,2024-06-30,0.0,10563634.0,1056363.4000000001,0.0,10193.0,37470.0,3.6760521926812517,0.0,475363.5300000001,792272.55,1056363.4000000001,0.07716918151631076,0.046693593263910205,0.03513175674535354,0.046693593263910205,True,False,within buffer range,528181.7000000001,37170.0,0.07037350972212782,,,,,,
2122997,CREDIT FIRST NATIONAL ASSOCIATION,2024-09-30,0.0,10942193.0,1094219.3,0.0,8509.0,37006.0,4.349042190621694,0.0,492398.68500000006,820664.4750000001,1094219.3,0.07387788430516892,0.044629985299517685,0.0335585837417975,0.044629985299517685,False,False,breaches 4.5% minimum,547109.65,37419.0,0.06839396819266486,,,,,,
2122997,CREDIT FIRST NATIONAL ASSOCIATION,2024-12-31,0.0,11268213.0,1126821.3,0.0,8873.0,36569.0,4.121379465795108,0.0,507069.585,845115.9750000001,1126821.3,0.07087804159449253,0.04282139590853617,0.03219968613032574,0.04282139590853617,False,False,breaches 4.5% minimum,563410.65,36419.0,0.06464024064862814,,,,,,
2122997,CREDIT FIRST NATIONAL ASSOCIATION,2025-03-31,0.0,11570422.0,1157042.2,0.0,9441.0,38616.0,4.090244677470607,0.0,520668.99,867781.6499999999,1157042.2,0.0728452599054019,0.04402075117417454,0.03310463451166721,0.04402075117417454,False,False,breaches 4.5% minimum,578521.1,38419.0,0.06640898663851673,,,,,,
2122997,CREDIT FIRST NATIONAL ASSOCIATION,2025-06-30,0.0,11065783.0,1106578.3,0.0,9286.0,38490.0,4.144949386172733,0.0,497960.23500000004,829933.7250000001,1106578.3,0.07588030692825151,0.04586403161579644,0.034493441541234,0.04586403161579644,True,False,within buffer range,553289.15,38419.0,0.06943747225117282,,,,,,
2122997,CREDIT FIRST NATIONAL ASSOCIATION,2025-09-30,0.0,11256023.0,1125602.3,0.0,9439.0,37466.0,3.969276406398983,0.0,506521.03500000003,844201.7250000001,1125602.3,0.07261415121037426,0.043889658614869854,0.033008490528053915,0.043889658614869854,False,False,breaches 4.5% minimum,562801.15,36919.0,0.06559865771418555,,,,,,
2122997,CREDIT FIRST NATIONAL ASSOCIATION,2025-12-31,0.0,11435050.0,1143505.0,0.0,9652.0,37417.0,3.8766058847907168,0.0,514577.25,857628.75,1143505.0,0.07137526187254908,0.04314289231024671,0.03244744644484662,0.04314289231024671,False,False,breaches 4.5% minimum,571752.5,36418.0,0.06369539267427776,,,,,,
236153,FIRST INTERNATIONAL BANK AND TRUST,2023-03-31,14724.0,95759.0,24299.9,14724.0,4145089.0,416581.0,0.10049989276466681,14724.0,10934.955000000002,18224.925000000003,24299.9,0.10059184423408905,0.10041508260183128,0.10026825508839474,0.10032606434513905,True,True,above buffer,4787.95,633532.0,132.31800666255913,0.003124151045911437,0.00040749796251018743,0.00102431029773286,0.010994263862332695,2.9343928280358598,
236153,FIRST INTERNATIONAL BANK AND TRUST,2023-06-30,15288.0,82143.0,23502.300000000003,15288.0,4212609.0,416566.0,0.09888551251730222,15288.0,10576.035000000002,17626.725000000002,23502.300000000003,0.09899624361887457,0.09883064445360353,0.09869306777187285,0.09874110870083103,True,True,above buffer,4107.150000000001,670362.0,163.21829005514772,0.005167451596023024,0.0007849293563579278,0.0011636927851047323,0.021075769330230153,2.9390371533228676,
236153,FIRST INTERNATIONAL BANK AND TRUST,2023-09-30,15034.0,84995.0,23533.5,15034.0,4324208.0,426850.0,0.09871171784521003,15034.0,10590.075,17650.125,23533.5,0.09881326678702933,0.09865203384017833,0.09851807443728892,0.09856641402841264,True,True,above buffer,4249.75,609720.0,143.47196893934938,0.01902354662764401,0.0014633497405880005,0.0031545741324921135,0.032511427283847295,3.1084874284954105,
236153,FIRST INTERNATIONAL BANK AND TRUST,2023-12-31,15117.0,85716.0,23688.6,15117.0,4386756.0,435638.0,0.09930755209544365,15117.0,10659.869999999999,17766.449999999997,23688.6,0.09940855540051288,0.09924760994680953,0.09911388630053423,0.09916223189978786,True,True,above buffer,4285.8,683831.0,159.55737551915627,0.02566646821459284,0.00039690414764834294,0.007304692336263464,0.04259007057075647,3.0621816497982404,
236153,FIRST INTERNATIONAL BANK AND TRUST,2024-03-31,14782.0,84318.0,23213.800000000003,14782.0,4389906.0,447359.0,0.10190628227574805,14782.0,10446.210000000001,17410.350000000002,23213.800000000003,0.1020070318290492,0.10184530486369447,0.10171092361300672,0.10175969302423986,True,True,above buffer,4215.900000000001,693290.0,164.4465001541782,0.0120416723041537,0.0002029495332160736,0.00618731275237723,0.011853588641396379,3.247801380056826,
236153,FIRST INTERNATIONAL BANK AND TRUST,2024-06-30,15172.0,83875.0,23559.5,15172.0,4488385.0,450734.0,0.10042231225708133,15172.0,10601.775,17669.625,23559.5,0.10052466986663158,0.10036646192684673,0.1002350018819053,0.10028176393708055,True,True,above buffer,4193.75,765609.0,182.55952309985096,0.010479831268125494,0.0001318217769575534,0.008774659281847034,0.022839006783247247,3.080015818613235,
236153,FIRST INTERNATIONAL BANK AND TRUST,2024-09-30,15712.0,84033.0,24115.300000000003,15712.0,4489004.0,465510.0,0.10370006353302426,15712.0,10851.885000000002,18086.475000000002,24115.300000000003,0.10381245828377339,0.10364524000618765,0.1035063023978282,0.1035546747677532,True,True,above buffer,4201.650000000001,742609.0,176.74223221829516,0.019921079429735235,0.0002545824847250509,0.010116780116155624,0.035471179666520955,2.8632892057026478,
236153,FIRST INTERNATIONAL BANK AND TRUST,2024-12-31,15055.0,83665.0,23421.5,15055.0,4459271.0,501058.0,0.11236320914337793,15055.0,10539.675000000001,17566.125,23421.5,0.11247710010493449,0.11229997027252872,0.1121527876870046,0.11220531913133688,True,True,above buffer,4183.25,854602.0,204.29140022709615,0.014745931584191298,0.0,0.014746835443037974,0.048924050632911394,3.0155430089671205,
236153,FIRST INTERNATIONAL BANK AND TRUST,2025-03-31,14965.0,82173.0,23182.300000000003,14965.0,4470555.0,524928.0,0.11741897818056148,14965.0,10432.035000000002,17386.725000000002,23182.300000000003,0.1175381571980981,0.11735540609145469,0.11720354705239201,0.11725733068990124,True,True,above buffer,4108.650000000001,897079.0,218.33911382084136,0.017707985299031073,0.0016037420648179084,0.0010002667377967459,0.013603627634035742,3.093551620447711,
236153,FIRST INTERNATIONAL BANK AND TRUST,2025-06-30,15457.0,84306.0,23887.6,15457.0,4669334.0,514047.0,0.11009000427041629,15457.0,10749.42,17915.699999999997,23887.6,0.11020110802356602,0.11003206542105345,0.10989159223617197,0.10994112816595751,True,True,above buffer,4215.3,714475.0,169.49564681042867,0.01940868215048198,0.0019408682150481983,0.005158295183441872,0.025533561158037267,3.0947790645015205,
236153,FIRST INTERNATIONAL BANK AND TRUST,2025-09-30,15070.0,85532.0,23623.2,15070.0,4806368.0,522823.0,0.10877714731789159,15070.0,10630.44,17717.4,23623.2,0.10887771580369489,0.10871726466087007,0.10858391618122432,0.10863215957653106,True,True,above buffer,4276.6,809356.0,189.25220969929381,0.014465826144658262,0.006569343065693431,0.007979228674561458,0.03672978278766386,3.253682813536828,
236153,FIRST INTERNATIONAL BANK AND TRUST,2025-12-31,15472.0,75421.0,23014.1,15472.0,4942642.0,542421.0,0.1097431292818699,15472.0,10356.345,17260.574999999997,23014.1,0.10985683155884002,0.10970343131979358,0.10957592466106464,0.10961767803188796,True,True,above buffer,3771.05,1187545.0,314.9109664417072,0.015253360910031023,0.0007755946225439503,0.00896177528500884,0.047247454733890144,3.345656670113754,
2502825,DSRM NATIONAL BANK,2023-03-31,0.0,392397.0,39239.700000000004,0.0,,3450.0,,,,,,,,,,,,not computable — no RWA reported (community bank leverage ratio),19619.850000000002,3900.0,0.19877827812139234,,,,,,CBLR filer: steps 2 and 3 do not apply
2502825,DSRM NATIONAL BANK,2023-06-30,0.0,490592.0,49059.200000000004,0.0,,3460.0,,,,,,,,,,,,not computable — no RWA reported (community bank leverage ratio),24529.600000000002,3939.0,0.16058150153284195,,,,,,CBLR filer: steps 2 and 3 do not apply
2502825,DSRM NATIONAL BANK,2023-09-30,0.0,483357.0,48335.700000000004,0.0,,3474.0,,,,,,,,,,,,not computable — no RWA reported (community bank leverage ratio),24167.850000000002,3910.0,0.1617851815531791,,,,,,CBLR filer: steps 2 and 3 do not apply
2502825,DSRM NATIONAL BANK,2023-12-31,0.0,485903.0,48590.3,0.0,,3489.0,,,,,,,,,,,,not computable — no RWA reported (community bank leverage ratio),24295.15,3967.0,0.16328361833534677,,,,,,CBLR filer: steps 2 and 3 do not apply
2502825,DSRM NATIONAL BANK,2024-03-31,0.0,481438.0,48143.8,0.0,,3504.0,,,,,,,,,,,,not computable — no RWA reported (community bank leverage ratio),24071.9,3937.0,0.16355169305289569,,,,,,CBLR filer: steps 2 and 3 do not apply
2502825,DSRM NATIONAL BANK,2024-06-30,0.0,409779.0,40977.9,0.0,,3530.0,,,,,,,,,,,,not computable — no RWA reported (community bank leverage ratio),20488.95,4004.0,0.19542241061645424,,,,,,CBLR filer: steps 2 and 3 do not apply
2502825,DSRM NATIONAL BANK,2024-09-30,0.0,403981.0,40398.100000000006,0.0,,3550.0,,,,,,,,,,,,not computable — no RWA reported (community bank leverage ratio),20199.050000000003,3988.0,0.19743502788497477,,,,,,CBLR filer: steps 2 and 3 do not apply
2502825,DSRM NATIONAL BANK,2024-12-31,0.0,402938.0,40293.8,0.0,2331.0,3574.0,1.5332475332475333,0.0,18132.210000000003,30220.350000000002,40293.8,0.17465490507110074,0.10979575347873437,0.0838479007526135,0.10979575347873437,True,True,above buffer,20146.9,4043.0,0.20067603452640356,,,,,,
2502825,DSRM NATIONAL BANK,2025-03-31,0.0,403126.0,40312.600000000006,0.0,2076.0,3597.0,1.7326589595375723,0.0,18140.670000000002,30234.450000000004,40312.600000000006,0.17792247684707718,0.11132621179835006,0.08485772117975114,0.11132621179835006,True,True,above buffer,20156.300000000003,4043.0,0.2005824481675704,,,,,,
2502825,DSRM NATIONAL BANK,2025-06-30,0.0,387893.0,38789.3,0.0,2273.0,3625.0,1.594808622965244,0.0,17455.185,29091.975000000002,38789.3,0.18374726311619644,0.1155747772794335,0.08828049086388244,0.1155747772794335,True,True,above buffer,19394.65,4059.0,0.20928451918441424,,,,,,
2502825,DSRM NATIONAL BANK,2025-09-30,0.0,369794.0,36979.4,0.0,2717.0,3650.0,1.3433934486566066,0.0,16640.73,27734.550000000003,36979.4,0.18855516633406913,0.11986253573299223,0.09194788444292178,0.11986253573299223,True,True,above buffer,18489.7,4122.0,0.22293493134015155,,,,,,
2502825,DSRM NATIONAL BANK,2025-12-31,0.0,368184.0,36818.4,0.0,2444.0,3678.0,1.504909983633388,0.0,16568.280000000002,27613.800000000003,36818.4,0.19345391504858964,0.1223642448881821,0.09367741146745996,0.1223642448881821,True,True,above buffer,18409.2,4189.0,0.22754926884383894,,,,,,
2562164,COASTAL COMMUNITY BANK,2023-03-31,324918.0,944758.0,419393.8,324918.0,3046885.0,297476.0,0.09763282828199948,324918.0,188727.21,314545.35,419393.8,0.10220104845709643,0.09796633957375474,0.09469654042923055,0.09541392915516722,True,True,above buffer,47237.9,495620.0,10.4919990092701,0.0470057060550662,0.05469687736598157,0.0280944099378882,0.0514815734989648,0.2742938218258145,
2562164,COASTAL COMMUNITY BANK,2023-06-30,392617.0,990447.0,491661.7,392617.0,3274513.0,311723.0,0.09519675139478756,392617.0,221247.765,368746.275,491661.7,0.100453934334557,0.0958958180041512,0.09240185813332909,0.09308508225951412,True,True,above buffer,49522.350000000006,385790.0,7.790219971386656,0.044756085447140596,0.04662559186178897,0.06578173994966043,0.09693884725171197,0.2821120837864891,
2562164,COASTAL COMMUNITY BANK,2023-09-30,456671.0,1000320.0,556703.0,456671.0,3168182.0,323387.0,0.10207336573467055,456671.0,250516.35,417527.25,556703.0,0.10917758743854948,0.10335028662561092,0.0989491508206011,0.09971213669436971,True,True,above buffer,50016.0,616435.0,12.324756078055023,0.05155352540450346,0.0543213823518463,0.09273413208803323,0.13933266359477794,0.22135191417891656,
2562164,COASTAL COMMUNITY BANK,2023-12-31,526818.0,1014896.0,628307.6,526818.0,3241670.0,333848.0,0.10298642366434585,526818.0,282738.42,471230.69999999995,628307.6,0.11137212001097868,0.10478321859002591,0.09986002463059197,0.10062369280344441,True,True,above buffer,50744.8,633492.0,12.48388012170705,0.05387629124289603,0.06612340504690424,0.12426452518334827,0.1746962136121486,0.2220083596232475,
2562164,COASTAL COMMUNITY BANK,2024-03-31,521701.0,932956.0,614996.6,521701.0,3376787.0,342370.0,0.1013892792171967,521701.0,276748.47,461247.44999999995,614996.6,0.10931931533405724,0.10323750767583398,0.09866335746590009,0.09933100335686394,True,True,above buffer,46647.8,565218.0,12.116712899643712,0.0536380033774135,0.07207768434409748,0.059219084859194644,0.05736925217129751,0.26693067485015365,
2562164,COASTAL COMMUNITY BANK,2024-06-30,549241.0,1532284.0,702469.4,549241.0,3502601.0,355647.0,0.1015379713532886,549241.0,316111.23000000004,526852.05,702469.4,0.10877814024991436,0.1021911868847187,0.09728216530016418,0.09831231724542513,True,True,above buffer,76614.2,536458.0,7.002070112329046,0.049961674383376335,0.0663952618249548,0.12255273120605732,0.12470860297271591,0.26930618799397715,
2562164,COASTAL COMMUNITY BANK,2024-09-30,641257.0,1072606.0,748517.6,641257.0,3586129.0,370749.0,0.10338417831595015,641257.0,336832.92,561388.2,748517.6,0.11297450838450156,0.1057391576358195,0.10038177396719804,0.10111590670141717,True,True,above buffer,53630.3,532645.0,9.931792289060475,0.04420224652518413,0.053897267398250626,0.14602202994599903,0.16310597692685322,0.26551445052451667,
2562164,COASTAL COMMUNITY BANK,2024-12-31,546574.0,736303.0,620204.3,546574.0,3638158.0,436116.0,0.11987274879210853,546574.0,279091.93500000006,465153.22500000003,620204.3,0.12938532460848984,0.12261687395250291,0.11749484742974162,0.11808043428829017,True,True,above buffer,36815.15,499834.0,13.5768562670531,0.04614562712459795,0.06310216000029273,0.21552762100222336,0.24171711989054215,0.3238244043807426,
2562164,COASTAL COMMUNITY BANK,2025-03-31,571057.0,890705.0,660127.5,571057.0,3703504.0,448956.0,0.1212246564334749,571057.0,297057.375,495095.625,660127.5,0.13090987819486308,0.12376312187372299,0.11837763503393275,0.11907677939345454,True,True,above buffer,44535.25,671287.0,15.073161147630248,0.03842523600971532,0.0476082072367557,0.05102285967178172,0.052935810475166864,0.32077008074500446,
2562164,COASTAL COMMUNITY BANK,2025-06-30,589447.0,725612.0,662008.2,589447.0,3741771.0,462369.0,0.12356956104475661,589447.0,297903.69,496506.14999999997,662008.2,0.1340111556521651,0.12671705203926797,0.12121885975217365,0.12179811036423106,True,True,above buffer,36280.6,765332.0,21.094799975744614,0.03161268103832915,0.03921641810035508,0.09664551748059719,0.10531897212065153,0.2795739057116246,
2562164,COASTAL COMMUNITY BANK,2025-09-30,600735.0,1025339.0,703268.9,600735.0,3848529.0,476178.0,0.1237298718549347,600735.0,316471.005,527451.675,703268.9,0.13359781030086454,0.12613165896812795,0.12051896212535619,0.12130596386916319,True,True,above buffer,51266.950000000004,686200.0,13.384841501201064,0.03293132579257077,0.03766386176933257,0.1335316445194209,0.15129150015901768,0.28933389930668263,
2562164,COASTAL COMMUNITY BANK,2025-12-31,684223.0,843354.0,768558.4,684223.0,3908569.0,488585.0,0.12500354989255658,684223.0,345851.28,576418.8,768558.4,0.13685098096315843,0.12854912779659505,0.12236331027609877,0.12301285867509801,True,True,above buffer,42167.700000000004,785217.0,18.621290703547974,0.032945399380026684,0.032936630309124366,0.15578236843766505,0.1822203198544073,0.24777009834513017,
256553,DACOTAH BANK,2023-03-31,6318.0,29477.0,9265.7,6318.0,3034390.0,391210.0,0.1289254182883545,6318.0,4169.5650000000005,6949.275000000001,9265.7,0.12901676585255833,0.12889860220172591,0.12880029770808823,0.12883155507987382,True,True,above buffer,1473.8500000000001,743496.0,504.45839128812287,0.008863564419119974,0.007122507122507123,0.005698907709355707,0.016146905176507836,5.921810699588478,
256553,DACOTAH BANK,2023-06-30,6986.0,32482.0,10234.2,6986.0,3169381.0,397461.0,0.1254065068226256,6986.0,4605.39,7675.650000000001,10234.2,0.12550077393580616,0.12537922459236042,0.12527811318133236,0.12531018693810897,True,True,above buffer,1624.1000000000001,646681.0,398.17806785296466,0.006870884626395649,0.0034354423131978244,0.0078039430449069,0.03422782037239869,5.3594331520183225,
256553,DACOTAH BANK,2023-09-30,7594.0,33386.0,10932.6,7594.0,3331001.0,399819.0,0.12002968477043387,7594.0,4919.67,8199.45,10932.6,0.12012612932612171,0.12000787187814455,0.11990950171962088,0.11993952491355982,True,True,above buffer,1669.3000000000002,713757.0,427.57862577128134,0.00842770608375033,0.005267316302343956,0.0068229748170202205,0.046892445106066244,4.9807742954964445,
256553,DACOTAH BANK,2023-12-31,6703.0,35201.0,10223.1,6703.0,3439014.0,407411.0,0.11846738629153589,6703.0,4600.395,7667.325000000001,10223.1,0.11853986128146897,0.11843417647115552,0.11834624964208779,0.11837651057362585,True,True,above buffer,1760.0500000000002,834737.0,474.2689128149768,0.006713411905117111,0.004923168730419215,0.011189731775547145,0.08145466513082113,5.713262718185887,
256553,DACOTAH BANK,2024-03-31,6996.0,41098.0,11105.8,6996.0,3473461.0,408992.0,0.11774768739306415,6996.0,4997.61,8329.349999999999,11105.8,0.1178154702925059,0.11770250518566659,0.11760853294489361,0.11764329071288583,True,True,above buffer,2054.9,788017.0,383.48192126137525,0.005574614065180103,0.005574614065180103,0.00026602819898909286,0.01596169193934557,5.484562607204117,
256553,DACOTAH BANK,2024-06-30,8237.0,43315.0,12568.5,8237.0,3729196.0,415659.0,0.11146075454333856,8237.0,5655.825,9426.375,12568.5,0.11153795589808506,0.1114252170260023,0.11133144191384689,0.11136374193361274,True,True,above buffer,2165.75,670931.0,309.7915271845781,0.0041277164016025256,0.004856136943061794,0.004313280363223609,0.02996594778660613,4.752215612480272,
256553,DACOTAH BANK,2024-09-30,8898.0,46564.0,13554.400000000001,8898.0,3801095.0,423398.0,0.11138842886063095,8898.0,6099.4800000000005,10165.800000000001,13554.400000000001,0.11147049795333512,0.11135128925624878,0.11125214326926347,0.1112861833923485,True,True,above buffer,2328.2000000000003,669672.0,287.63508289665833,0.004720161834120027,0.0029220049449314453,0.005830605564648118,0.0425531914893617,4.551584625758597,
256553,DACOTAH BANK,2024-12-31,9305.0,50615.0,14366.5,9305.0,3911062.0,434039.0,0.11097727420327266,9305.0,6464.925,10774.875,14366.5,0.11105792054016994,0.11093558183471668,0.11083383861617234,0.11086966274160957,True,True,above buffer,2530.75,625104.0,247.0034574730811,0.006125738850080602,0.0038688876947877487,0.006750536974532065,0.05799324946302547,4.293820526598603,
256553,DACOTAH BANK,2025-03-31,10401.0,53242.0,15725.2,10401.0,3908838.0,442992.0,0.11333086712726391,10401.0,7076.34,11793.900000000001,15725.2,0.11342734269088427,0.11329049647681931,0.11317670994830004,0.11321520991264855,True,True,above buffer,2662.1000000000004,782863.0,294.07723226024564,0.0005768676088837611,0.004038073262186328,-9.502090459901178e-05,0.01662865830482706,3.77761753677531,
256553,DACOTAH BANK,2025-06-30,11542.0,55588.0,17100.8,11542.0,4056396.0,454642.0,0.11208028013044091,11542.0,7695.36,12825.599999999999,17100.8,0.11218666563015041,0.11204482483042771,0.11192689785715981,0.11196520405497254,True,True,above buffer,2779.4,640344.0,230.3892926530906,0.0036388840755501644,0.0009530410674059955,0.0008358408559010365,0.0297559344700769,3.4770403742852194,
256553,DACOTAH BANK,2025-09-30,12138.0,59584.0,18096.4,12138.0,4149400.0,462338.0,0.11142285631657589,12138.0,8143.380000000001,13572.300000000001,18096.4,0.11153022626703882,0.11138435470671523,0.11126308623583468,0.11130298578520342,True,True,above buffer,2979.2000000000003,725947.0,243.67179108485496,0.008980062613280606,0.006343713956170703,0.0011746937405604967,0.045141802315824806,3.3994068215521502,
256553,DACOTAH BANK,2025-12-31,13194.0,72868.0,20480.8,13194.0,4224930.0,472801.0,0.1119074162175468,13194.0,9216.36,15360.599999999999,20480.8,0.11201287284843935,0.11185005802800911,0.11171474013335045,0.11176284692651994,True,True,above buffer,3643.4,675713.0,185.46220563210187,0.0019705926936486283,0.0037896013339396694,0.0021430926475436863,0.05934718100890208,3.3270425951189937,
2568063,FIRST COMMAND BANK,2023-03-31,24140.0,104380.0,34578.0,24140.0,535729.0,89008.0,0.16614370325295066,24140.0,15560.1,25933.5,34578.0,0.1688478648640394,0.16558934742266604,0.16296846935094944,0.1637508451267805,True,True,above buffer,5219.0,667875.0,127.9699176087373,0.0038111019055509527,0.0024026512013256007,0.0019463484810019463,0.021198273673521197,0.12502071251035626,
2568063,FIRST COMMAND BANK,2023-06-30,24012.0,104890.0,34501.0,24012.0,544810.0,95078.0,0.1745158862722784,24012.0,15525.45,25875.75,34501.0,0.1772773500767121,0.1739209171832377,0.17121946915085387,0.17203184320672074,True,True,above buffer,5244.5,633952.0,120.87939746400991,0.0024987506246876563,0.003290021655838747,0.003237486687965921,0.042896698615548456,0.12910211560886223,
2568063,FIRST COMMAND BANK,2023-09-30,23847.0,105361.0,34383.1,23847.0,554653.0,100604.0,0.18138187299086095,23847.0,15472.395,25787.324999999997,34383.1,0.1841625093007751,0.18074956252844032,0.17800060192243622,0.17883404571543507,True,True,above buffer,5268.05,689372.0,130.85904651626313,0.00524174948630855,0.000629009938357026,0.005795866183677818,0.06516087790326018,0.14043695223717867,
2568063,FIRST COMMAND BANK,2023-12-31,24704.0,104023.0,35106.3,24704.0,552550.0,87023.0,0.15749343950773687,24704.0,15797.835000000001,26329.725000000002,35106.3,0.1600735525677395,0.15703141814809735,0.15458325687629307,0.15530067298356226,True,True,above buffer,5201.150000000001,605015.0,116.32331311344605,0.0048170336787564765,0.004128886010362694,0.006945613739686816,0.08713588146152551,0.15155440414507773,
2568063,FIRST COMMAND BANK,2024-03-31,23254.0,104557.0,33709.7,23254.0,560662.0,92868.0,0.1656399042560402,23254.0,15169.365,25282.274999999998,33709.7,0.168063344397033,0.16504283817593968,0.16260746252480007,0.1633551158037605,True,True,above buffer,5227.85,606200.0,115.95589008865977,0.0035262750494538574,0.0038272985292852842,0.004418262150220913,0.022914320367322185,0.16827212522576762,
2568063,FIRST COMMAND BANK,2024-06-30,22593.0,102798.0,32872.8,22593.0,564746.0,98467.0,0.17435625927408074,22593.0,14792.760000000002,24654.600000000002,32872.8,0.17679818587720283,0.17372208841236428,0.17123927309000742,0.17200802472365337,True,True,above buffer,5139.900000000001,567856.0,110.47997042744021,0.0022130748461912982,0.005488425618554419,0.007719767960731816,0.046140116019634095,0.1754083123091223,
2568063,FIRST COMMAND BANK,2024-09-30,22258.0,103672.0,32625.2,22258.0,569938.0,104405.0,0.18318659222582107,22258.0,14681.34,24468.9,32625.2,0.1856546539987973,0.1824787218851596,0.17991394872904812,0.18072109803926997,True,True,above buffer,5183.6,747592.0,144.2225480361139,0.003594213316560338,0.003010153652619283,0.011919869470630892,0.06947969543147207,0.2043759547129122,
2568063,FIRST COMMAND BANK,2024-12-31,21528.0,105692.0,32097.2,21528.0,570463.0,91257.0,0.15997005940788447,21528.0,14443.74,24072.9,32097.2,0.16198161826269838,0.15925958437920315,0.15706014227782902,0.15777765137323455,True,True,above buffer,5284.6,579616.0,109.68020285357453,0.00315867707172055,0.004227053140096618,0.015260821309655937,0.09262856085830559,0.20549981419546637,
2568063,FIRST COMMAND BANK,2025-03-31,20573.0,107686.0,31341.6,20573.0,584048.0,96954.0,0.16600347916609592,20573.0,14103.72,23506.199999999997,31341.6,0.16786283261959514,0.16517394424216655,0.162998140939577,0.16373922745463393,True,True,above buffer,5384.3,574653.0,106.7275226120387,0.004520488018276382,0.0035483400573567297,0.003474232773595831,0.021376182204207683,0.20526904194818452,
2568063,FIRST COMMAND BANK,2025-06-30,20939.0,108045.0,31743.5,20939.0,584522.0,102297.0,0.17500966601770335,20939.0,14284.575,23807.625,31743.5,0.177024987082897,0.1741549756603623,0.1718334392975955,0.1726166382936269,True,True,above buffer,5402.25,546442.0,101.15081678930075,0.004680261712593724,0.005348870528678542,0.005022213637241646,0.042061039211898785,0.2459047710014805,
2568063,FIRST COMMAND BANK,2025-09-30,21385.0,109456.0,32330.6,21385.0,588731.0,108771.0,0.18475500695563848,21385.0,14548.77,24247.949999999997,32330.6,0.18692555012996592,0.183860906623538,0.18138276531050238,0.1822142318443288,True,True,above buffer,5472.8,542424.0,99.11270282122496,0.009165302782324058,0.005517886368950199,0.008712814094541254,0.06262635987291808,0.2387187280804302,
2568063,FIRST COMMAND BANK,2025-12-31,21981.0,109685.0,32949.5,21981.0,589482.0,93765.0,0.1590633810701599,21981.0,14827.275,24712.125,32949.5,0.16101742612446562,0.15832982425034905,0.1561577515548742,0.15687416124962278,True,True,above buffer,5484.25,559419.0,102.00464967862516,0.008552841090032301,0.008279878076520631,0.014098269123394751,0.08026242322724735,0.2632273326964196,
2576134,WEBBANK,2023-03-31,75907.0,99473.0,85854.3,75907.0,2168470.0,297271.0,0.13708790068573695,75907.0,38634.435000000005,64390.725000000006,85854.3,0.1394854343938341,0.13781983199477307,0.13646191664012217,0.13661787608356374,True,True,above buffer,4973.650000000001,313303.0,62.99257084837091,0.0,0.0,0.0,0.02479161064802366,0.4833941533718893,
2576134,WEBBANK,2023-06-30,62876.0,96454.0,72521.4,62876.0,2171217.0,316759.0,0.1458900699469468,62876.0,32634.629999999997,54391.049999999996,72521.4,0.14795077326499043,0.1464624339385917,0.14524483525416368,0.1454056082646429,True,True,above buffer,4822.7,296611.0,61.50309992327949,0.0,0.0,0.0,0.05303693330999475,0.5425122463261022,
2576134,WEBBANK,2023-09-30,63243.0,90681.0,72311.1,63243.0,2363297.0,314081.0,0.13289950437884024,63243.0,32539.995000000003,54233.325000000004,72311.1,0.1346488075821356,0.13340810047473708,0.13239151090192652,0.13251814484512417,True,True,above buffer,4534.05,447411.0,98.67800310980249,0.0,0.0,0.0,0.08569856841608928,1.0284142118495327,
2576134,WEBBANK,2023-12-31,63155.0,49371.0,68092.1,63155.0,2331535.0,334833.0,0.14361053983748903,63155.0,30641.445000000003,51069.075000000004,68092.1,0.14564152967263863,0.14435884952550637,0.1433070825027185,0.1433828265435877,True,True,above buffer,2468.55,436626.0,176.8754937108829,0.0,0.0,0.0,0.11347344934152315,0.40354682922967305,
2576134,WEBBANK,2024-03-31,51325.0,83701.0,59695.1,51325.0,2145630.0,335440.0,0.1563363674072417,51325.0,26862.795,44771.325,59695.1,0.1581393045805695,0.1568153487931292,0.15572886927906826,0.15588030076059375,True,True,above buffer,4185.05,404038.0,96.54317152722189,0.007793472966390648,0.012859230394544568,0.0,0.040072615805842,0.4309790550414028,
2576134,WEBBANK,2024-06-30,48697.0,64881.0,55185.1,48697.0,2033262.0,347406.0,0.17086140399023836,48697.0,24833.295,41388.825,55185.1,0.17289056174898368,0.1714777482650672,0.17031792276906862,0.1704534686810592,True,True,above buffer,3244.05,398275.0,122.77091906721536,0.004312380639464443,0.003490974803375978,0.0,0.08427794673302,0.42756227282994846,
2576134,WEBBANK,2024-09-30,49529.0,44441.0,53973.1,49529.0,2031234.0,355854.0,0.17519104150481923,49529.0,24287.895,40479.825,53973.1,0.17739544386571718,0.17597501257087123,0.17480858098340793,0.1749040394748352,True,True,above buffer,2222.05,385196.0,173.35163475169324,0.0,0.0,0.0,0.15674876448189257,0.497405560378768,
2576134,WEBBANK,2024-12-31,59903.0,23917.0,62294.7,59903.0,2154156.0,374865.0,0.17401943034766285,59903.0,28032.614999999998,46721.024999999994,62294.7,0.17663268193051385,0.17509086781190633,0.1738264356499047,0.1738746441808924,True,True,above buffer,1195.8500000000001,149866.0,125.32173767612994,0.0,0.0,0.0,0.20584243259121204,0.44176418543311685,
2576134,WEBBANK,2025-03-31,70720.0,8336.0,71553.6,70720.0,2113754.0,385778.0,0.18250846598043102,70720.0,32199.120000000003,53665.200000000004,71553.6,0.18589622355294713,0.1839930114915864,0.18243651859114277,0.18245450011994063,True,True,above buffer,416.8,217751.0,522.4352207293666,0.0,0.0,0.0,0.03726220432813286,0.3104779411764706,
2576134,WEBBANK,2025-06-30,92440.0,44965.0,96936.5,92440.0,2040013.0,400085.0,0.19611884826224146,92440.0,43621.425,72702.375,96936.5,0.2009271394981934,0.19803488422958182,0.1956875230953928,0.19579517642383049,True,True,above buffer,2248.25,239029.0,106.31780273546092,0.0,0.0,0.0,0.061927977507926064,0.24517524881003894,
2576134,WEBBANK,2025-09-30,127210.0,42293.0,131439.3,127210.0,2219201.0,418400.0,0.18853632456005562,127210.0,59147.685,98579.47499999999,131439.3,0.19450163902379916,0.19100047443120952,0.1881777000160518,0.18826722818657385,True,True,above buffer,2114.65,231886.0,109.65691722034379,0.0,0.0,0.0,0.08133971291866028,0.18708434871472368,
2576134,WEBBANK,2025-12-31,91334.0,158911.0,107225.1,91334.0,2628510.0,438556.0,0.16684585563684368,91334.0,48251.295000000006,80418.82500000001,107225.1,0.16962611977065864,0.1675415903987356,0.16584322249752506,0.16609274936482132,True,True,above buffer,7945.55,603545.0,75.96012862545702,0.0,0.0,0.0,0.11291052535013149,0.23352749250005475,
2608754,MERCANTILE BANK,2023-03-31,778.0,127863.0,13564.300000000001,778.0,4621339.0,593516.0,0.12842944436666515,778.0,6103.935,10173.225,13564.300000000001,0.1282816042091451,0.12816887585467077,0.12807508679145987,0.12816349273438668,True,True,above buffer,6393.150000000001,677912.0,106.03724298663413,0.02056555269922879,0.0,0.011641443538998836,0.005820721769499418,55.11182519280206,
2608754,MERCANTILE BANK,2023-06-30,771.0,133234.0,14094.400000000001,771.0,4782085.0,610096.0,0.1275794972276737,771.0,6342.4800000000005,10570.800000000001,14094.400000000001,0.12743103072424275,0.12731858662378528,0.127225034681092,0.12731346553437978,True,True,above buffer,6661.700000000001,816767.0,122.60639176186257,0.007782101167315175,0.0,0.016853932584269662,0.011235955056179775,58.00389105058366,
2608754,MERCANTILE BANK,2023-09-30,850.0,135886.0,14438.6,850.0,4928867.0,627220.0,0.1272543974101959,850.0,6497.37,10828.95,14438.6,0.12710875943806402,0.12699727959727108,0.12690452899566768,0.126991815616193,True,True,above buffer,6794.3,858290.0,126.32500772706533,0.0,0.0,0.015267175572519083,0.017448200654307525,56.48,
2608754,MERCANTILE BANK,2023-12-31,837.0,142096.0,15046.6,837.0,5175503.0,643227.0,0.1242829923970675,837.0,6770.97,11284.95,15046.6,0.12414065899560678,0.12403260389495199,0.12394270156694227,0.12402759945595201,True,True,above buffer,7104.8,747624.0,105.22801486319108,0.0011947431302270011,0.0,0.010834236186348862,0.032502708559046585,59.634408602150536,
2608754,MERCANTILE BANK,2024-03-31,862.0,150098.0,15871.800000000001,862.0,5166678.0,660223.0,0.12778481647201548,862.0,7142.31,11903.85,15871.800000000001,0.1276296773402761,0.12751230640645805,0.12741466207207622,0.1275069994838773,True,True,above buffer,7504.900000000001,846384.0,112.77751868779063,0.0,0.0,-0.004901960784313725,0.03431372549019608,59.90487238979118,
2608754,MERCANTILE BANK,2024-06-30,892.0,157426.0,16634.6,892.0,5270927.0,674519.0,0.1279697100718716,892.0,7485.57,12475.949999999999,16634.6,0.1278098286976454,0.1276890869483195,0.12758864295207706,0.12768369681005798,True,True,above buffer,7871.3,845536.0,107.42012119980181,0.007847533632286996,0.0,-0.006600660066006601,0.06820682068206821,62.11659192825112,
2608754,MERCANTILE BANK,2024-09-30,967.0,163380.0,17305.0,967.0,5377289.0,689634.0,0.1282493836578246,967.0,7787.25,12978.75,17305.0,0.12808692542782263,0.12796353961133083,0.12786089953940086,0.12795779975758612,True,True,above buffer,8169.0,1031921.0,126.32158158893377,0.0,0.0,0.0,0.10311493018259936,58.52119958634953,
2608754,MERCANTILE BANK,2024-12-31,1145.0,172273.0,18372.3,1145.0,5447390.0,703737.0,0.12918792302368656,1145.0,8267.535,13779.224999999999,18372.3,0.1290192286632998,0.12888898858319628,0.1287806558750235,0.12888223173793062,True,True,above buffer,8613.65,1123362.0,130.41649010582043,0.004366812227074236,0.0,-0.0028873917228103944,0.08180943214629452,47.558078602620085,
2608754,MERCANTILE BANK,2025-03-31,1131.0,181546.0,19285.600000000002,1131.0,5448763.0,705187.0,0.12942148520682584,1131.0,8678.52,14464.2,19285.600000000002,0.1292424610760606,0.12910556207340323,0.1289917009175335,0.12909887916143203,True,True,above buffer,9077.300000000001,1173043.0,129.2281845923347,0.005305039787798408,0.0,0.0,0.0215962441314554,50.1025641025641,
2608754,MERCANTILE BANK,2025-06-30,1152.0,191732.0,20325.2,1152.0,5614756.0,720013.0,0.12823584853909947,1152.0,9146.34,15243.900000000001,20325.2,0.12805352478089932,0.1279148082860793,0.12779944057514958,0.1279082638598226,True,True,above buffer,9586.6,1122486.0,117.08906181545073,0.005208333333333333,0.0,-0.0026595744680851063,0.040780141843971635,50.67274305555556,
2608754,MERCANTILE BANK,2025-09-30,1237.0,196191.0,20856.100000000002,1237.0,5560382.0,732289.0,0.13169760638747482,1237.0,9385.245,15642.075,20856.100000000002,0.1315048976626327,0.13135730390205083,0.1312345619430075,0.1313500175263788,True,True,above buffer,9809.550000000001,1332156.0,135.80194810159486,0.0032336297493936943,0.0,0.001710863986313088,0.059880239520958084,47.800323362974936,
2608754,MERCANTILE BANK,2025-12-31,1194.0,204783.0,21672.300000000003,1194.0,5619370.0,717619.0,0.12770452915540353,1194.0,9752.535000000002,16254.225000000002,21672.300000000003,0.12751032560863887,0.12736318870644991,0.1272408337649791,0.12735644163597246,True,True,above buffer,10239.150000000001,1331638.0,130.05356889976215,0.0008375209380234506,0.0,0.004152823920265781,0.07973421926910298,46.72780569514238,
2615190,MERRICK BANK,2023-03-31,3747465.0,2649491.0,4012414.1,3747465.0,4829836.0,1245238.0,0.25782200472231354,3747465.0,1805586.345,3009310.575,4012414.1,0.4311829612566525,0.3043340438826792,0.2444142344688886,0.24763371918412647,True,True,above buffer,132474.55000000002,1590746.0,12.007936618769415,0.04406658901417358,0.0635621680255853,0.045627578649206156,0.0689326133762478,0.25921256102458595,
2615190,MERRICK BANK,2023-06-30,3772942.0,2615095.0,4034451.5,3772942.0,4901349.0,1292811.0,0.26376636309718,3772942.0,1815503.175,3025838.625,4034451.5,0.439147570119051,0.31120234976476624,0.2504060492845194,0.2536176139347647,True,True,above buffer,130754.75,1195545.0,9.143415439974456,0.04883403985537016,0.05095254578522543,0.09254823733437142,0.13901633868001395,0.244803657199077,
2615190,MERRICK BANK,2023-09-30,3847085.0,2512898.0,4098374.8,3847085.0,5152253.0,1321442.0,0.256478476503386,3847085.0,1844268.66,3073781.0999999996,4098374.8,0.41958043379097515,0.30177149124660985,0.24455103788573676,0.24742767143761799,True,True,above buffer,125644.90000000001,1021951.0,8.133644899235861,0.055088203146018346,0.06355825254705835,0.1297368738609033,0.21144781792761377,0.24363901499446983,
2615190,MERRICK BANK,2023-12-31,3905833.0,2290849.0,4134917.9,3905833.0,5470964.0,1300728.0,0.23775115317885476,3905833.0,1860713.055,3101188.425,4134917.9,0.3796810301687828,0.2787481699240939,0.2281959370559084,0.23051200577382308,True,True,above buffer,114542.45000000001,1337674.0,11.678412675824552,0.057869089641057365,0.06838285200621737,0.17494833778885735,0.2788549849933577,0.24656968180667221,
2615190,MERRICK BANK,2024-03-31,3721175.0,2357655.0,3956940.5,3721175.0,5418102.0,1284459.0,0.2370680729155708,3721175.0,1780623.225,2967705.375,3956940.5,0.3693574260311366,0.2753612496633242,0.22718236676045203,0.22957568541622164,True,True,above buffer,117882.75,1201033.0,10.188369375502353,0.048043964607953134,0.06885486439095179,0.05061080031374471,0.06706267159535861,0.24935940932635525,
2615190,MERRICK BANK,2024-06-30,3679949.0,2348408.0,3914789.8,3679949.0,5923171.0,1313490.0,0.22175452979493585,3679949.0,1761655.41,2936092.3499999996,3914789.8,0.32797258580756405,0.25360306620508566,0.21329774002706522,0.21535088541940606,True,True,above buffer,117420.40000000001,754089.0,6.422129374452821,0.04889469935588781,0.055733381087618335,0.10167762515776302,0.13614484459771573,0.24764473638085746,
2615190,MERRICK BANK,2024-09-30,3698083.0,2312041.0,3929287.1,3698083.0,5640113.0,1369308.0,0.2427802421689069,3698083.0,1768179.195,2946965.325,3929287.1,0.36906490389957647,0.28007962965274463,0.23321990222602695,0.2355386967774059,True,True,above buffer,115602.05,910012.0,7.871936527077158,0.052940401824404695,0.06059058166082265,0.14194152200019491,0.20742112756485928,0.24763911464399258,
2615190,MERRICK BANK,2024-12-31,3705403.0,2260438.0,3931446.8,3705403.0,6157111.0,1354804.0,0.220038911106199,3705403.0,1769151.06,2948585.0999999996,3931446.8,0.3209782607619217,0.25087601263716597,0.2122467717687185,0.21414260579880753,True,True,above buffer,113021.90000000001,1178064.0,10.423325037006101,0.05103034676660002,0.06393366659442981,0.1870639503970567,0.2757883588368367,0.26847552074632636,
2615190,MERRICK BANK,2025-03-31,3539813.0,2346491.0,3774462.1,3539813.0,6189233.0,1904305.0,0.3076802893024063,3539813.0,1698507.945,2830846.575,3774462.1,0.43797988929184056,0.34748400902377635,0.2964414617758941,0.2991734853399191,True,True,above buffer,117324.55,3374180.0,28.759368776611545,0.04447664325770881,0.058625413263356005,0.045311452469269695,0.06312475741393614,0.2748224270604125,
2615190,MERRICK BANK,2025-06-30,5962055.0,4470118.0,6409066.8,5962055.0,8675460.0,1750233.0,0.20174526768609388,5962055.0,2884080.06,4806800.1,6409066.8,0.3126820315264941,0.2327374023349443,0.1918595133393561,0.19423899792412233,True,True,above buffer,223505.90000000002,902935.0,4.039870983271582,0.03720462156085444,0.043320465846088306,0.06258555204762703,0.09947350773326546,0.2077253564416967,
2615190,MERRICK BANK,2025-09-30,6113434.0,4552340.0,6568668.0,6113434.0,8924434.0,1793654.0,0.20098238162778725,6113434.0,2955900.6,4926501.0,6568668.0,0.3110256486820668,0.23181308797246036,0.19122787714874342,0.19357664553407053,True,True,above buffer,227617.0,841411.0,3.6966087770245633,0.04002218720280615,0.04464364872508642,0.0917943543501565,0.16125927851561553,0.21518675101424176,
2615190,MERRICK BANK,2025-12-31,6289466.0,4425411.0,6732007.1,6289466.0,8997793.0,1808046.0,0.20094327575662166,6289466.0,3029403.195,5049005.324999999,6732007.1,0.3151152003584233,0.23307574359978192,0.19152351821955116,0.19379468018358031,True,True,above buffer,221270.55000000002,878146.0,3.9686528550681506,0.04065257686423617,0.04829090418805031,0.1211115634653749,0.22031935924269444,0.21738570492312065,
2687487,"TCM BANK, NATIONAL ASSOCIATION",2023-03-31,186633.0,2083468.0,394979.80000000005,186633.0,302520.0,63012.0,0.2082903609678699,186633.0,177740.91000000003,296234.85000000003,394979.80000000005,0.21459812863157318,0.1528965280535356,0.12334330592631973,0.13734684656113028,True,True,above buffer,104173.40000000001,21268.0,0.2041596031232541,0.009355258716304191,0.007903211114861787,0.006506283428273253,0.029204896290820542,0.059046363719170776,
2687487,"TCM BANK, NATIONAL ASSOCIATION",2023-06-30,189022.0,2094969.0,398518.9,189022.0,307739.0,61677.0,0.20041983628984303,189022.0,179333.505,298889.17500000005,398518.9,0.2069347273878969,0.1476917816169744,0.11924346318575334,0.1326781778687176,True,True,above buffer,104748.45000000001,31974.0,0.3052455668795099,0.009332247040027088,0.007761001364920485,0.014471354208462399,0.05677799712177872,0.05901429463237084,
2687487,"TCM BANK, NATIONAL ASSOCIATION",2023-09-30,188780.0,2117298.0,400509.80000000005,188780.0,307903.0,62242.0,0.20214807910283433,188780.0,180229.41000000003,300382.35000000003,400509.80000000005,0.2079221610408949,0.1483699790717806,0.11978073747461668,0.13336608811199735,True,True,above buffer,105864.90000000001,32038.0,0.30263099478675176,0.01075325776035597,0.00842250238372709,0.019562697408301518,0.0881464623368889,0.059487233817141646,
2687487,"TCM BANK, NATIONAL ASSOCIATION",2023-12-31,205872.0,2212744.0,427146.4,205872.0,325825.0,63064.0,0.1935517532417709,205872.0,192215.88,320359.80000000005,427146.4,0.20201885594746022,0.14322545245107568,0.1152697297785375,0.12823599457319196,True,True,above buffer,110637.20000000001,28170.0,0.2546159881124974,0.01159944042900443,0.00834499106240771,0.02615296359278002,0.11606978221229691,0.052003186445946994,
2687487,"TCM BANK, NATIONAL ASSOCIATION",2024-03-31,193133.0,2095313.0,402664.30000000005,193133.0,317380.0,63142.0,0.1989476337513391,193133.0,181198.93500000003,301998.22500000003,402664.30000000005,0.2067207081999634,0.14813538380400623,0.11983421118507041,0.13306261547318105,True,True,above buffer,104765.65000000001,15711.0,0.14996327517654878,0.009941335763437632,0.008822935490050898,0.00738543785476193,0.0314906124535415,0.05602874702924927,
2687487,"TCM BANK, NATIONAL ASSOCIATION",2024-06-30,194604.0,1828121.0,377416.1,194604.0,329134.0,62710.0,0.19053030072857863,194604.0,169837.245,283062.07499999995,377416.1,0.20603399685797333,0.15017047437981193,0.12249336404750423,0.1345006571947476,True,True,above buffer,91406.05,39818.0,0.4356166796399144,0.010231033277836015,0.008021417853692626,0.01534057778955738,0.06233236151603499,0.05683850280569772,
2687487,"TCM BANK, NATIONAL ASSOCIATION",2024-09-30,192263.0,2170032.0,409266.2,192263.0,328030.0,62552.0,0.19068987592598238,192263.0,184169.79,306949.65,409266.2,0.19551362004976044,0.1412912751304926,0.11476732059624993,0.12745363321912115,True,True,above buffer,108501.6,26723.0,0.246291298930154,0.009892699063262303,0.008826451267274514,0.022054707811739842,0.09113260550007585,0.05650593197859183,
2687487,"TCM BANK, NATIONAL ASSOCIATION",2024-12-31,215858.0,2229671.0,438825.1,215858.0,355505.0,63250.0,0.1779159224202191,215858.0,197471.29499999998,329118.82499999995,438825.1,0.18761960100682165,0.13492877813778342,0.10933975899615557,0.12099929346934292,True,True,above buffer,111483.55,37242.0,0.33405825343739054,0.01291126573951394,0.008922532405562917,0.022714596670302713,0.11462431083755756,0.05200177894727089,
2687487,"TCM BANK, NATIONAL ASSOCIATION",2025-03-31,196579.0,2277429.0,424321.9,196579.0,340907.0,60561.0,0.17764668956636268,196579.0,190944.855,318241.42500000005,424321.9,0.18063198107702458,0.13092305009134572,0.10649962305453671,0.118349271837154,True,True,above buffer,113871.45000000001,29063.0,0.25522639783721024,0.011812045030242295,0.010514856622528348,0.0086328158721937,0.03142344977478507,0.05666932887032694,
2687487,"TCM BANK, NATIONAL ASSOCIATION",2025-06-30,198643.0,2302162.0,428859.2,198643.0,344696.0,74425.0,0.21591489312321582,198643.0,192986.64,321644.4,428859.2,0.2195171042536501,0.15913066867594303,0.12945454975559748,0.14385585691459582,True,True,above buffer,115108.1,53303.0,0.4630690629069544,0.01118589630643919,0.010677446474328318,0.015642587816044377,0.06031911081049704,0.05576335435932804,
2687487,"TCM BANK, NATIONAL ASSOCIATION",2025-09-30,194433.0,2294275.0,423860.5,194433.0,337404.0,73996.0,0.21930978885846047,194433.0,190737.225,317895.375,423860.5,0.2217386161219131,0.16055846990355935,0.13054320375631911,0.14523981444610712,True,True,above buffer,114713.75,57609.0,0.5021978620697171,0.013392788261251948,0.010908642051503603,0.02412711560509715,0.09065472011636776,0.05634845936646557,
2687487,"TCM BANK, NATIONAL ASSOCIATION",2025-12-31,202195.0,2298615.0,432056.5,202195.0,348111.0,72807.0,0.2091488059842981,202195.0,194425.42500000002,324042.375,432056.5,0.2139234152880449,0.1549222311444072,0.12596966118630212,0.13987704779257346,True,True,above buffer,114930.75,66242.0,0.5763644629483407,0.013897475209574916,0.011543312149162937,0.03322609274461948,0.12046916917118826,0.055515715027572396,
2700984,WEX BANK,2023-03-31,0.0,7695643.0,769564.3,0.0,4156618.0,620916.0,0.14938009699231442,0.0,346303.93500000006,577173.2250000001,769564.3,0.13789179758453884,0.1311667478533551,0.12604405646944897,0.1311667478533551,True,True,above buffer,384782.15,3244434.0,8.431872424435488,,,,,,
2700984,WEX BANK,2023-06-30,0.0,7511451.0,751145.1000000001,0.0,4592774.0,671244.0,0.14615219473024363,0.0,338015.29500000004,563358.8250000001,751145.1000000001,0.136133174597557,0.130183612948334,0.1256089374556587,0.130183612948334,True,True,above buffer,375572.55000000005,3335100.0,8.880041951947765,,,,,,
2700984,WEX BANK,2023-09-30,0.0,7077146.0,707714.6000000001,0.0,4990557.0,677811.0,0.13581870721043762,0.0,318471.57000000007,530785.9500000001,707714.6000000001,0.12767137924820018,0.12276198130384203,0.11895027959004272,0.12276198130384203,True,True,above buffer,353857.30000000005,3402050.0,9.614186283566848,,,,,,
2700984,WEX BANK,2023-12-31,0.0,7899241.0,789924.1000000001,0.0,4468534.0,675198.0,0.15110056228731839,0.0,355465.84500000003,592443.0750000001,789924.1000000001,0.1399664224077105,0.1334125782421174,0.12840227822676767,0.1334125782421174,True,True,above buffer,394962.05000000005,3837369.0,9.715791681757779,,,,,,
2700984,WEX BANK,2024-03-31,0.0,7465722.0,746572.2000000001,0.0,4968193.0,675823.0,0.13602994086582385,0.0,335957.49000000005,559929.15,746572.2000000001,0.12741399424359093,0.12225182108177547,0.11825910187876135,0.12225182108177547,True,True,above buffer,373286.10000000003,3930626.0,10.529794707062491,,,,,,
2700984,WEX BANK,2024-06-30,0.0,7438254.0,743825.4,0.0,5083625.0,665947.0,0.13099845090855441,0.0,334721.43,557869.05,743825.4,0.12290594715628031,0.11804443895496088,0.11427759213531873,0.11804443895496088,True,True,above buffer,371912.7,3878274.0,10.42791493810241,,,,,,
2700984,WEX BANK,2024-09-30,0.0,7928909.0,792890.9,0.0,5061427.0,666403.0,0.13166306656205848,0.0,356800.905,594668.175,792890.9,0.12299279611052093,0.1178203299947123,0.11383102376452771,0.1178203299947123,True,True,above buffer,396445.45,4159890.0,10.492969461498422,,,,,,
2700984,WEX BANK,2024-12-31,0.0,8543057.0,854305.7000000001,0.0,4540995.0,657099.0,0.14470374884799478,0.0,384437.56500000006,640729.275,854305.7000000001,0.1334093993427763,0.1268108770608023,0.12179098747915941,0.1268108770608023,True,True,above buffer,427152.85000000003,4280855.0,10.021834104583405,,,,,,
2700984,WEX BANK,2025-03-31,0.0,8208942.0,820894.2000000001,0.0,5228393.0,684977.0,0.13101100089453874,0.0,369402.39,615670.65,820894.2000000001,0.12236549432007733,0.1172090245800112,0.1132326797114212,0.1172090245800112,True,True,above buffer,410447.10000000003,4319725.0,10.524437863003538,,,,,,
2700984,WEX BANK,2025-06-30,0.0,8173204.0,817320.4,0.0,5826489.0,751650.0,0.12900564988623509,0.0,367794.18,612990.3,817320.4,0.12134575997863889,0.1167252762191502,0.11313539488354377,0.1167252762191502,True,True,above buffer,408660.2,4805930.0,11.760210561243792,,,,,,
2700984,WEX BANK,2025-09-30,0.0,7938403.0,793840.3,0.0,5344066.0,758613.0,0.14195427227133797,0.0,357228.135,595380.2250000001,793840.3,0.13305978994188483,0.1277245337800832,0.12359475086806067,0.1277245337800832,True,True,above buffer,396920.15,4840099.0,12.194137788167216,,,,,,
2700984,WEX BANK,2025-12-31,0.0,8866340.0,886634.0,0.0,5101011.0,764306.0,0.14983421913812772,0.0,398985.3,664975.5,886634.0,0.13896482075815214,0.1325542472220495,0.1276471801517959,0.1325542472220495,True,True,above buffer,443317.0,5151652.0,11.62069580007083,,,,,,
278555,"STRIDE BANK, NATIONAL ASSOCIATION",2023-03-31,1383879.0,0.0,1383879.0,1383879.0,926004.0,181225.0,0.19570649802808626,1383879.0,622745.55,1037909.25,1383879.0,1.099195702325248,0.31243844652277,0.19570649802808626,0.19570649802808626,True,True,above buffer,0.0,1111297.0,,0.0,0.0,0.0,0.0,0.00770154038033672,
278555,"STRIDE BANK, NATIONAL ASSOCIATION",2023-06-30,1269715.0,0.0,1269715.0,1269715.0,1080129.0,192821.0,0.1785166401420571,1269715.0,571371.75,952286.25,1269715.0,0.5050502801636781,0.25281360534495695,0.1785166401420571,0.1785166401420571,True,True,above buffer,0.0,814908.0,,0.0,0.0,0.0,0.0,0.008826390174172945,
278555,"STRIDE BANK, NATIONAL ASSOCIATION",2023-09-30,1309141.0,0.0,1309141.0,1309141.0,1193812.0,202004.0,0.16920922222259452,1309141.0,589113.4500000001,981855.75,1309141.0,0.42636266344325985,0.23311917375891741,0.16920922222259452,0.16920922222259452,True,True,above buffer,0.0,807041.0,,0.0,0.0,0.0,0.0,0.00873855451780977,
278555,"STRIDE BANK, NATIONAL ASSOCIATION",2023-12-31,1586654.0,0.0,1586654.0,1586654.0,1339538.0,211072.0,0.1575707445402818,1586654.0,713994.3,1189990.5,1586654.0,0.4520921190811395,0.22386012136291733,0.1575707445402818,0.1575707445402818,True,True,above buffer,0.0,856815.0,,0.0,0.0,0.0,0.0,0.008267082804442556,
278555,"STRIDE BANK, NATIONAL ASSOCIATION",2024-03-31,2018592.0,0.0,2018592.0,2018592.0,1412608.0,255331.0,0.180751489443639,2018592.0,908366.4,1513944.0,2018592.0,0.8443976898126345,0.2812139301290806,0.180751489443639,0.180751489443639,True,True,above buffer,0.0,1224210.0,,0.0,0.0,0.0,0.0,0.007423986620376976,
278555,"STRIDE BANK, NATIONAL ASSOCIATION",2024-06-30,1684295.0,0.0,1684295.0,1684295.0,1490388.0,270889.0,0.181757367880042,1684295.0,757932.75,1263221.25,1684295.0,0.4802777178169614,0.2533296456116619,0.181757367880042,0.181757367880042,True,True,above buffer,0.0,908945.0,,0.0,0.0,0.0,0.0,0.010100368403397267,
278555,"STRIDE BANK, NATIONAL ASSOCIATION",2024-09-30,1729682.0,0.0,1729682.0,1729682.0,1543661.0,285448.0,0.18491624780311222,1729682.0,778356.9,1297261.5,1729682.0,0.4819022449930858,0.25687328710571655,0.18491624780311222,0.18491624780311222,True,True,above buffer,0.0,535058.0,,0.0,0.0,0.0,0.0,0.008972169450800782,
278555,"STRIDE BANK, NATIONAL ASSOCIATION",2024-12-31,1764971.0,0.0,1764971.0,1764971.0,1646654.0,300846.0,0.18270140539542612,1764971.0,794236.9500000001,1323728.25,1764971.0,0.44509116797040826,0.2495795522067676,0.18270140539542612,0.18270140539542612,True,True,above buffer,0.0,552804.0,,0.0,0.0,0.0,0.0,0.00972763858443,
278555,"STRIDE BANK, NATIONAL ASSOCIATION",2025-03-31,2006539.0,0.0,2006539.0,2006539.0,1677915.0,316498.0,0.18862576471394557,2006539.0,902942.55,1504904.25,2006539.0,0.5510844112557395,0.2690668316500256,0.18862576471394557,0.18862576471394557,True,True,above buffer,0.0,722922.0,,0.0,0.0,0.0,0.0,0.009042435756294794,
278555,"STRIDE BANK, NATIONAL ASSOCIATION",2025-06-30,1759868.0,0.0,1759868.0,1759868.0,1712978.0,329597.0,0.1924116947211231,1759868.0,791940.6,1319901.0,1759868.0,0.4423820341866714,0.25891135269058946,0.1924116947211231,0.1924116947211231,True,True,above buffer,0.0,350203.0,,0.0,0.0,0.0,0.0,0.011186634452129364,
278555,"STRIDE BANK, NATIONAL ASSOCIATION",2025-09-30,1708447.0,0.0,1708447.0,1708447.0,1772853.0,342540.0,0.19321398897708947,1708447.0,768801.15,1281335.25,1708447.0,0.41111025031410253,0.25453630109056996,0.19321398897708947,0.19321398897708947,True,True,above buffer,0.0,355060.0,,0.0,0.0,0.0,0.0,0.011676101160878857,
278555,"STRIDE BANK, NATIONAL ASSOCIATION",2025-12-31,2197556.0,0.0,2197556.0,2197556.0,2036275.0,357576.0,0.17560300057703404,2197556.0,988900.2000000001,1648167.0,2197556.0,0.43205377545615176,0.2404864932483055,0.17560300057703404,0.17560300057703404,True,True,above buffer,0.0,683611.0,,0.0,0.0,0.0,0.0,0.009544239145669098,
2808602,"CAPITAL BANK, NATIONAL ASSOCIATION",2023-03-31,106116.0,128277.0,118943.7,106116.0,1608935.0,206551.0,0.1283774670822625,106116.0,53524.665,89207.775,118943.7,0.13271554647282868,0.129740908409031,0.12736203638177152,0.12761438511440856,True,True,above buffer,6413.85,396149.0,61.764618754726094,0.10824946285197332,0.0,0.015280212125297739,0.14208799604512157,0.24253646952391722,
2808602,"CAPITAL BANK, NATIONAL ASSOCIATION",2023-06-30,114963.0,120748.0,127037.8,114963.0,1639642.0,210202.0,0.12819993632756418,114963.0,57167.01,95278.35,127037.8,0.13288398407377214,0.12975773714042532,0.1272627365659779,0.1274957495250343,True,True,above buffer,6037.400000000001,327802.0,54.295226421969716,0.12238720283917434,0.003035759331263102,0.03112936422873728,0.29049330841972476,0.2350060454233101,
2808602,"CAPITAL BANK, NATIONAL ASSOCIATION",2023-09-30,114991.0,115637.0,126554.7,114991.0,1659154.0,219908.0,0.1325422474345359,114991.0,56949.615,94916.025,126554.7,0.13734699104847162,0.13416558728765382,0.13162486995858128,0.13185302172643198,True,True,above buffer,5781.85,352206.0,60.915796847029924,0.13214947256741832,0.0033741771095129186,0.047652391135671164,0.439232792717776,0.24063622370446383,
2808602,"CAPITAL BANK, NATIONAL ASSOCIATION",2023-12-31,116453.0,114882.0,127941.2,116453.0,1687515.0,228794.0,0.135580424470301,116453.0,57573.54,95955.9,127941.2,0.140482013551049,0.1372474764668094,0.1346636663191688,0.1348916916006171,True,True,above buffer,5744.1,262293.0,45.663028150624115,0.12575030269722548,0.004439559307188308,0.07061744098971103,0.6267349178831181,0.24052622087880948,
2808602,"CAPITAL BANK, NATIONAL ASSOCIATION",2024-03-31,106572.0,128374.0,119409.4,106572.0,1782346.0,233517.0,0.13101664884371497,106572.0,53734.229999999996,89557.04999999999,119409.4,0.13501930545887023,0.13227943846566342,0.13007974561262098,0.13031271295474395,True,True,above buffer,6418.700000000001,287458.0,44.784457912038256,0.10357317118943062,0.005817663176068761,0.018802936194240543,0.1632523997741389,0.26920767180873023,
2808602,"CAPITAL BANK, NATIONAL ASSOCIATION",2024-06-30,116180.0,125619.0,128741.9,116180.0,1818321.0,240917.0,0.13249420756841063,116180.0,57933.854999999996,96556.42499999999,128741.9,0.13687883746285326,0.1339397036163545,0.13158514943801158,0.13181124249495932,True,True,above buffer,6280.950000000001,344428.0,54.836927534847426,0.1143312101910828,0.006171458082286108,0.028637409244482784,0.26653367838401265,0.2597090721294543,
2808602,"CAPITAL BANK, NATIONAL ASSOCIATION",2024-09-30,121718.0,125304.0,134248.4,121718.0,1892356.0,236629.0,0.12504465333161413,121718.0,60411.78,100686.29999999999,134248.4,0.12923133089259867,0.12645002258560956,0.1242221058431621,0.12442672653000614,True,True,above buffer,6265.200000000001,365400.0,58.32216050565025,0.11836375885242939,0.012307136167206165,0.041102312109695456,0.3750104639287448,0.25686422714799784,
2808602,"CAPITAL BANK, NATIONAL ASSOCIATION",2024-12-31,122928.0,124732.0,135401.2,122928.0,2443107.0,281825.0,0.1153551604575649,122928.0,60930.54000000001,101550.90000000001,135401.2,0.11835868752178448,0.11637342380750224,0.11476921014430723,0.11491513894670495,True,True,above buffer,6236.6,431310.0,69.15787448289132,0.10969022517245867,0.012560197839385657,0.05805294521170646,0.49441703239030355,0.390407392945464,
2808602,"CAPITAL BANK, NATIONAL ASSOCIATION",2025-03-31,115992.0,135112.0,129503.2,115992.0,2517000.0,293705.0,0.11668851807707588,115992.0,58276.44,97127.4,129503.2,0.11942701511989398,0.11756968817622937,0.11606548115653469,0.11622061581711515,True,True,above buffer,6755.6,509685.0,75.4462964059447,0.09317021863576798,0.01292330505552107,0.01934755691820456,0.11916814770516243,0.41204565832126355,
2808602,"CAPITAL BANK, NATIONAL ASSOCIATION",2025-06-30,126233.0,136422.0,139875.2,126233.0,2546132.0,302233.0,0.11870280095454595,126233.0,62943.840000000004,104906.40000000001,139875.2,0.12172860687388494,0.11970546324085017,0.11807017978382624,0.11822770207204285,True,True,above buffer,6821.1,505776.0,74.14874433742358,0.10528942511070798,0.012175896952460925,0.03591842785840183,0.23279028777570956,0.37099649061655826,
2808602,"CAPITAL BANK, NATIONAL ASSOCIATION",2025-09-30,130897.0,137816.0,144678.6,130897.0,2638398.0,308384.0,0.1168830479707762,130897.0,65105.37,108508.95000000001,144678.6,0.1198722057117506,0.11788334367764923,0.11627568510066211,0.11642693328760582,True,True,above buffer,6890.8,423703.0,61.488216172287686,0.10628967814388413,0.014339518858339,0.050410534469403565,0.3381177381874516,0.4005362995332208,
2808602,"CAPITAL BANK, NATIONAL ASSOCIATION",2025-12-31,137905.0,138632.0,151768.2,137905.0,2787983.0,316082.0,0.11337300119835737,137905.0,68295.69,113826.15000000001,151768.2,0.11627614009168842,0.11436069517823186,0.11281204514366276,0.11295176309839793,True,True,above buffer,6931.6,487837.0,70.37870044434185,0.10472426670534063,0.019513433160509047,0.05200286871161978,0.4471006589072002,0.39144338493890724,
2819167,FARM BUREAU BANK FSB,2023-03-31,127972.0,555644.0,183536.4,127972.0,938682.0,108804.0,0.11591145883270372,127972.0,82591.38,137652.3,183536.4,0.12179987900611997,0.11472830583839108,0.10943363737600659,0.11098425234198254,True,True,above buffer,27782.2,256013.0,9.215000971845281,0.00990060325696246,0.011103991498140219,0.00494370754561765,0.0364784506060155,0.10968024255305849,
2819167,FARM BUREAU BANK FSB,2023-06-30,128594.0,554695.0,184063.5,128594.0,975196.0,110023.0,0.11282142256530994,128594.0,82828.575,138047.625,184063.5,0.11837678139650183,0.11173822363462536,0.10674947400490266,0.1082053529553863,True,True,above buffer,27734.75,253785.0,9.150434022300544,0.013251007045429803,0.00978272703236543,0.01184261293396011,0.07416593831447492,0.11285907585112835,
2819167,FARM BUREAU BANK FSB,2023-09-30,128453.0,556664.0,184119.4,128453.0,977780.0,112168.0,0.1147170120067909,128453.0,82853.73,138089.55,184119.4,0.12032859765294655,0.11359744780457649,0.10853780128316282,0.1100193442114198,True,True,above buffer,27833.2,259430.0,9.320882974289697,0.014137466622032961,0.011007917292706282,0.01697533296556072,0.11382299629600441,0.10925396837753887,
2819167,FARM BUREAU BANK FSB,2023-12-31,132966.0,556132.0,188579.2,132966.0,966155.0,111426.0,0.11532932086466458,132966.0,84860.64000000001,141434.40000000002,188579.2,0.12137252186058262,0.11432723655106167,0.10905213139340215,0.1105564843065772,True,True,above buffer,27806.600000000002,262793.0,9.450741910193981,0.015507723779011176,0.014146473534587789,0.02182743908667332,0.15252492712401097,0.1250770873757201,
2819167,FARM BUREAU BANK FSB,2024-03-31,127821.0,546352.0,182456.2,127821.0,954950.0,110317.0,0.11552123147808786,127821.0,82105.29000000001,136842.15000000002,182456.2,0.12132956402249193,0.11444014688613866,0.10926962875446272,0.11076822544316528,True,True,above buffer,27317.600000000002,330972.0,12.115705625677219,0.013808372646122311,0.016053700096228318,0.006583101793382167,0.03818830512755746,0.1268962064136566,
2819167,FARM BUREAU BANK FSB,2024-06-30,127972.0,534584.0,181430.4,127972.0,903947.0,111800.0,0.1236798175114249,127972.0,81643.68,136072.8,181430.4,0.13036096648454534,0.12258129453302775,0.11677393923201185,0.11842708493107501,True,True,above buffer,26729.2,369920.0,13.839546264010893,0.014354702591191823,0.014260932078892258,0.014614735318943688,0.0768278467784075,0.11692401462819992,
2819167,FARM BUREAU BANK FSB,2024-09-30,125159.0,524314.0,177590.4,125159.0,886802.0,111164.0,0.12535379938250027,125159.0,79915.68,133192.8,177590.4,0.13209298726501165,0.12422837798845329,0.11835609764303526,0.1200312419844156,True,True,above buffer,26215.7,384165.0,14.654005042779708,0.01418995038311268,0.01585183646401777,0.02230528189719754,0.11594880015466284,0.12666288481052101,
2819167,FARM BUREAU BANK FSB,2024-12-31,126673.0,512077.0,177880.7,126673.0,904207.0,110114.0,0.12177963674247158,126673.0,80046.315,133410.52500000002,177880.7,0.12840080173715276,0.12087893058032266,0.11525257042831767,0.11681785237845943,True,True,above buffer,25603.850000000002,350250.0,13.679583343911169,0.011865196213873518,0.01568605780237304,0.03164234197042182,0.1541886236512138,0.12368065807235953,
2819167,FARM BUREAU BANK FSB,2025-03-31,120130.0,507614.0,170891.4,120130.0,884970.0,109575.0,0.1238177565341198,120130.0,76901.13,128168.54999999999,170891.4,0.13017660192035524,0.12270319248343142,0.11710091165050142,0.11871086340092891,True,True,above buffer,25380.7,293077.0,11.547238649840233,0.015250145675518188,0.011329393157412803,0.009650868082787771,0.03582131446639533,0.10968950303837509,
2819167,FARM BUREAU BANK FSB,2025-06-30,121283.0,412448.0,162527.8,121283.0,881538.0,108575.0,0.12316542225065738,121283.0,73137.51,121895.84999999999,162527.8,0.13028074850348728,0.12307985646672562,0.11766040719441237,0.11899000473001023,True,True,above buffer,20622.4,283565.0,13.750339436728993,0.014775360108176743,0.014989734752603415,0.014980546389055339,0.07362833053415142,0.11032049009341788,
2819167,FARM BUREAU BANK FSB,2025-09-30,117339.0,414482.0,158787.2,117339.0,874759.0,109397.0,0.1250595878407653,117339.0,71454.24,119090.40000000001,158787.2,0.13198262742487932,0.12480969991913388,0.11940203045773926,0.12076788179524944,True,True,above buffer,20724.100000000002,295146.0,14.241679976452534,0.02016379890743913,0.016345801481178465,0.02290289544735127,0.1104095606469687,0.10850612328381867,
2819167,FARM BUREAU BANK FSB,2025-12-31,116605.0,416463.0,158251.3,116605.0,871079.0,108173.0,0.1241827664310585,116605.0,71213.08499999999,118688.47499999999,158251.3,0.13100967904808636,0.12388645080057982,0.11851649121592224,0.11988402370805121,True,True,above buffer,20823.15,283689.0,13.62373127984959,0.018086702971570688,0.021302688563955233,0.03206518909349671,0.14954787649478452,0.10252562068521932,
2858960,"BANCORP BANK NATIONAL ASSOCIATION, THE",2023-03-31,0.0,0.0,,,,,,,,,,,,,,,,,,,,,,,,,no credit-card exposure reported
2858960,"BANCORP BANK NATIONAL ASSOCIATION, THE",2023-06-30,0.0,0.0,,,,,,,,,,,,,,,,,,,,,,,,,no credit-card exposure reported
2858960,"BANCORP BANK NATIONAL ASSOCIATION, THE",2023-09-30,0.0,0.0,,,,,,,,,,,,,,,,,,,,,,,,,no credit-card exposure reported
2858960,"BANCORP BANK NATIONAL ASSOCIATION, THE",2023-12-31,0.0,0.0,,,,,,,,,,,,,,,,,,,,,,,,,no credit-card exposure reported
2858960,"BANCORP BANK NATIONAL ASSOCIATION, THE",2024-03-31,8265.0,0.0,8265.0,8265.0,5295963.0,923103.0,0.17430314373419906,8265.0,3719.25,6198.75,8265.0,0.17445288405483428,0.17437117563730348,0.17430314373419906,0.17430314373419906,True,True,above buffer,0.0,1968714.0,,0.0,0.0,0.0,0.0,3.477434966727163,
2858960,"BANCORP BANK NATIONAL ASSOCIATION, THE",2024-06-30,53321.0,12153.0,54536.3,53321.0,5602980.0,879375.0,0.15694773138579826,53321.0,24541.335000000003,40902.225000000006,54536.3,0.15775805445643354,0.15729637233335192,0.15691369642310646,0.15692220377982963,True,True,above buffer,607.65,1986599.0,3269.3145725335307,0.0,0.0,0.0,0.0,0.5359051780724292,
2858960,"BANCORP BANK NATIONAL ASSOCIATION, THE",2024-09-30,110984.0,20348.0,113018.8,110984.0,5849660.0,883622.0,0.15105527500743632,110984.0,50858.46,84764.1,113018.8,0.15262401599039796,0.1517353977763075,0.15100274881048137,0.1510158769347637,True,True,above buffer,1017.4000000000001,1644054.0,1615.9367013957144,0.0,0.0,0.0,0.0,0.27935558278670797,
2858960,"BANCORP BANK NATIONAL ASSOCIATION, THE",2024-12-31,201150.0,28856.0,204035.6,201150.0,5820356.0,887771.0,0.15252864257787668,201150.0,91816.02,153026.7,204035.6,0.1554487089860669,0.1538002790497341,0.1524530598215262,0.152471948487186,True,True,above buffer,1442.8000000000002,2072983.0,1436.7777931799278,0.0,0.0,0.0,0.0,0.22298284862043252,
2858960,"BANCORP BANK NATIONAL ASSOCIATION, THE",2025-03-31,305276.0,76846.0,312960.6,305276.0,5952535.0,912252.0,0.15325436977691018,305276.0,140832.27,234720.44999999998,312960.6,0.1576084338421291,0.155092687377546,0.153056776632861,0.15310612713601146,True,True,above buffer,3842.3,2509452.0,653.1119381620383,0.0,0.0,0.0,0.0,0.1719656966155217,
2858960,"BANCORP BANK NATIONAL ASSOCIATION, THE",2025-06-30,346938.0,70714.0,354009.4,346938.0,5949667.0,940038.0,0.15799842243271767,346938.0,159304.23,265507.05000000005,354009.4,0.16314345344377681,0.1601908975696368,0.15781085837175593,0.15785770762543905,True,True,above buffer,3535.7000000000003,1821765.0,515.2487484797917,0.0,0.0,0.0004859241321076362,0.0,0.17119197089969965,
2858960,"BANCORP BANK NATIONAL ASSOCIATION, THE",2025-09-30,415957.0,85975.0,424554.5,415957.0,5895490.0,864080.0,0.14656627354130022,415957.0,191049.525,318415.875,424554.5,0.15237940655841173,0.1490320143604233,0.14635284453355407,0.14640614349036402,True,True,above buffer,4298.75,1468935.0,341.7121256179122,0.0,0.0,0.0018512878598633264,0.0,0.15422748024435218,
2858960,"BANCORP BANK NATIONAL ASSOCIATION, THE",2025-12-31,729101.0,227979.0,751898.9,729101.0,6119755.0,858328.0,0.14025528799764042,729101.0,338354.505,563924.175,751898.9,0.14982138693822727,0.14414589493570634,0.13973473472243111,0.13986451045146153,True,True,above buffer,11398.95,1784400.0,156.54073401497504,0.0,0.0,0.0018032281070910112,0.0,0.09079674832430623,
2880019,FINWISE BANK,2023-03-31,0.0,0.0,,,,,,,,,,,,,,,,,,,,,,,,,no credit-card exposure reported
2880019,FINWISE BANK,2023-06-30,0.0,0.0,,,,,,,,,,,,,,,,,,,,,,,,,no credit-card exposure reported
2880019,FINWISE BANK,2023-09-30,0.0,0.0,,,,,,,,,,,,,,,,,,,,,,,,,no credit-card exposure reported
2880019,FINWISE BANK,2023-12-31,0.0,0.0,,,,,,,,,,,,,,,,,,,,,,,,,no credit-card exposure reported
2880019,FINWISE BANK,2024-03-31,2.0,0.0,2.0,2.0,,120872.0,,,,,,,,,,,,not computable — no RWA reported (community bank leverage ratio),0.0,130610.0,,0.0,0.0,0.0,0.0,6316.5,CBLR filer: steps 2 and 3 do not apply
2880019,FINWISE BANK,2024-06-30,1.0,0.0,1.0,1.0,,125904.0,,,,,,,,,,,,not computable — no RWA reported (community bank leverage ratio),0.0,102951.0,,0.0,0.0,0.0,0.0,13127.0,CBLR filer: steps 2 and 3 do not apply
2880019,FINWISE BANK,2024-09-30,0.0,0.0,,,,,,,,,,,,,,,,,,,,,,,,,no credit-card exposure reported
2880019,FINWISE BANK,2024-12-31,52.0,0.0,52.0,52.0,,135374.0,,,,,,,,,,,,not computable — no RWA reported (community bank leverage ratio),0.0,151658.0,,0.0,0.0,0.0,0.0,253.40384615384616,CBLR filer: steps 2 and 3 do not apply
2880019,FINWISE BANK,2025-03-31,0.0,256.0,25.6,0.0,,138667.0,,,,,,,,,,,,not computable — no RWA reported (community bank leverage ratio),12.8,162418.0,12688.90625,,,,,,CBLR filer: steps 2 and 3 do not apply
2880019,FINWISE BANK,2025-06-30,0.0,446.0,44.6,0.0,,143711.0,,,,,,,,,,,,not computable — no RWA reported (community bank leverage ratio),22.3,131494.0,5896.591928251121,,,0.0,0.0,,CBLR filer: steps 2 and 3 do not apply
2880019,FINWISE BANK,2025-09-30,1001.0,391.0,1040.1,1001.0,,149204.0,,,,,,,,,,,,not computable — no RWA reported (community bank leverage ratio),19.55,144004.0,7365.933503836317,0.0,0.0,0.0,0.0,25.75224775224775,CBLR filer: steps 2 and 3 do not apply
2880019,FINWISE BANK,2025-12-31,59078.0,305313.0,89609.3,59078.0,,153218.0,,,,,,,,,,,,not computable — no RWA reported (community bank leverage ratio),15265.650000000001,201082.0,13.172187230809037,0.0,0.0,0.0,0.0157133676092545,0.6228376045228342,CBLR filer: steps 2 and 3 do not apply
2941068,NICOLET NATIONAL BANK,2023-03-31,21866.0,103088.0,32174.800000000003,21866.0,7188728.0,756575.0,0.10524462742226441,21866.0,14478.660000000002,24131.100000000002,32174.800000000003,0.10535289102968136,0.10521147628413105,0.10509392034223246,0.10513155663376475,True,True,above buffer,5154.400000000001,1144205.0,221.9860701536551,0.004710509466752035,0.0,0.002809120277166534,0.01872746851444356,2.8542943382420196,
2941068,NICOLET NATIONAL BANK,2023-06-30,23599.0,106452.0,34244.2,23599.0,7123434.0,784157.0,0.11008131752185814,23599.0,15409.89,25683.149999999998,34244.2,0.11020801281233203,0.11004911972612125,0.1099170583920627,0.10995807720088875,True,True,above buffer,5322.6,1433180.0,269.2631420734227,0.005423958642315352,0.0,0.004926758456868869,0.03717063300048388,2.6615958303317937,
2941068,NICOLET NATIONAL BANK,2023-09-30,24061.0,110138.0,35074.8,24061.0,7074301.0,805452.0,0.1138560544709647,24061.0,15783.660000000002,26306.100000000002,35074.8,0.11398942867394814,0.11381993257982168,0.11367907040630008,0.11372326481859561,True,True,above buffer,5506.900000000001,1344293.0,244.1106611705315,0.006940692406799385,0.0,0.00619982513313727,0.053851045226929496,2.624994804870953,
2941068,NICOLET NATIONAL BANK,2023-12-31,25769.0,112466.0,37015.6,25769.0,7165266.0,768726.0,0.10728506101518073,25769.0,16657.02,27761.699999999997,37015.6,0.10742166781927369,0.10725523274330812,0.1071169303040031,0.10715891355911623,True,True,above buffer,5623.3,1297347.0,230.70919211139366,0.005394078155923784,0.0,0.007732456988208003,0.07191184999033443,2.4684698668943303,
2941068,NICOLET NATIONAL BANK,2024-03-31,26327.0,116041.0,37931.1,26327.0,7181200.0,795774.0,0.1108135130618838,26327.0,17068.995,28448.324999999997,37931.1,0.11095655828711147,0.1107807884398099,0.11063473840473426,0.11067937796922248,True,True,above buffer,5802.05,1233979.0,212.67982868124196,0.007976601967561819,0.0,0.0010072834340616767,0.0201069270106927,2.4441447943176207,
2941068,NICOLET NATIONAL BANK,2024-06-30,30505.0,120356.0,42540.6,30505.0,7333640.0,787997.0,0.10744964301492847,30505.0,19143.27,31905.449999999997,42540.6,0.10761636896927164,0.10742912808340409,0.10727359100911019,0.10731754990322522,True,True,above buffer,6017.8,1212115.0,201.42161587291037,0.008621537452876577,0.0,0.004509542191276742,0.0378080017316642,2.144369775446648,
2941068,NICOLET NATIONAL BANK,2024-09-30,31038.0,124803.0,43518.3,31038.0,7402718.0,792669.0,0.10707810293462482,31038.0,19583.235,32638.725000000002,43518.3,0.10724404946727621,0.10705495393163265,0.10689788296019002,0.10694288105681723,True,True,above buffer,6240.150000000001,1256771.0,201.40076760975296,0.006089309878213802,0.0,0.0070677590632582015,0.05647174654523717,2.119498679038598,
2941068,NICOLET NATIONAL BANK,2024-12-31,29164.0,128152.0,41979.2,29164.0,7403984.0,798691.0,0.10787313965022075,29164.0,18890.64,31484.399999999998,41979.2,0.10802302644616345,0.10783934292519762,0.10768674983138278,0.10773328687454402,True,True,above buffer,6407.6,1343118.0,209.61327173980897,0.006103415169386915,0.0,0.00851380114193047,0.07338085746140072,2.2741050610341516,
2941068,NICOLET NATIONAL BANK,2025-03-31,13592.0,132400.0,26832.0,13592.0,7357014.0,830300.0,0.11285828734320745,13592.0,12074.4,20124.0,26832.0,0.11288157247959497,0.1127581738472198,0.11265554755643428,0.11270616418422619,True,True,above buffer,6620.0,1410390.0,213.04984894259817,0.020968216597998822,0.0,0.0019643318686999225,0.017523907986559836,4.964685108887581,
2941068,NICOLET NATIONAL BANK,2025-06-30,18061.0,136653.0,31726.300000000003,18061.0,7475547.0,829357.0,0.11094265075184465,18061.0,14276.835000000001,23794.725000000002,31726.300000000003,0.11099883900423614,0.11085762324471524,0.1107402176327676,0.11079075662358004,True,True,above buffer,6832.650000000001,1272270.0,186.20447410594716,0.016555008028348375,0.0,0.0025128951196931623,0.04569501388705198,3.787608659542661,
2941068,NICOLET NATIONAL BANK,2025-09-30,18313.0,139739.0,32286.9,18313.0,7486668.0,832647.0,0.11121729987225291,18313.0,14529.105000000001,24215.175000000003,32286.9,0.11127353949577172,0.11112968988642138,0.1110100990156589,0.11106182681717416,True,True,above buffer,6986.950000000001,1335759.0,191.17912680067838,0.018511439960683666,0.0,0.009940874537067117,0.06880644532519005,3.756074919456124,
2941068,NICOLET NATIONAL BANK,2025-12-31,14929.0,143120.0,29241.0,14929.0,7491237.0,835920.0,0.11158637752349845,14929.0,13158.45,21930.75,29241.0,0.11161275714106443,0.1114821797318737,0.11137359838700674,0.11142671705875695,True,True,above buffer,7156.0,1520333.0,212.45570150922302,0.021099872730926384,0.0,0.015293599345459123,0.09012524387941342,4.608882041663875,
2992547,"JOHN DEERE FINANCIAL, F.S.B.",2023-03-31,505621.0,31968172.0,3702438.2,505621.0,,669995.0,,,,,,,,,,,,not computable — no RWA reported (community bank leverage ratio),1598408.6,1143.0,0.0007150862426540998,0.011852751369108483,0.0,0.006301183776440908,0.021311857170580244,0.031634366452342765,CBLR filer: steps 2 and 3 do not apply
2992547,"JOHN DEERE FINANCIAL, F.S.B.",2023-06-30,595118.0,31412962.0,3736414.2,595118.0,,700113.0,,,,,,,,,,,,not computable — no RWA reported (community bank leverage ratio),1570648.1,844.0,0.0005373577951674853,0.01138933791281729,0.0,0.009302342384000694,0.04172326344233632,0.03235156725220881,CBLR filer: steps 2 and 3 do not apply
2992547,"JOHN DEERE FINANCIAL, F.S.B.",2023-09-30,620430.0,31097358.0,3730165.8000000003,620430.0,,685259.0,,,,,,,,,,,,not computable — no RWA reported (community bank leverage ratio),1554867.9000000001,699.0,0.0004495558754541141,0.013314958980062215,0.0,0.011825241887429755,0.05933690417010966,0.02820785584191609,CBLR filer: steps 2 and 3 do not apply
2992547,"JOHN DEERE FINANCIAL, F.S.B.",2023-12-31,589187.0,32324003.0,3821587.3000000003,589187.0,,723518.0,,,,,,,,,,,,not computable — no RWA reported (community bank leverage ratio),1616200.1500000001,5266.0,0.00325825981392218,0.012807478780081706,0.0,0.018327430301351432,0.08256330094910201,0.03467829398815656,CBLR filer: steps 2 and 3 do not apply
2992547,"JOHN DEERE FINANCIAL, F.S.B.",2024-03-31,551705.0,32565979.0,3808302.9000000004,551705.0,,731133.0,,,,,,,,,,,,not computable — no RWA reported (community bank leverage ratio),1628298.9500000002,1173.0,0.0007203836863003565,0.013639535621391866,0.0,0.00681802771463137,0.023157383847287598,0.027846403422118703,CBLR filer: steps 2 and 3 do not apply
2992547,"JOHN DEERE FINANCIAL, F.S.B.",2024-06-30,652463.0,32222275.0,3874690.5,652463.0,,748007.0,,,,,,,,,,,,not computable — no RWA reported (community bank leverage ratio),1611113.75,756.0,0.0004692406107265859,0.010596769471985385,0.0,0.011163789510842653,0.06879515729160027,0.03210603513149405,CBLR filer: steps 2 and 3 do not apply
2992547,"JOHN DEERE FINANCIAL, F.S.B.",2024-09-30,645936.0,31958079.0,3841743.9000000004,645936.0,,780833.0,,,,,,,,,,,,not computable — no RWA reported (community bank leverage ratio),1597903.9500000002,608.0,0.0003804984648795692,0.012228765698149662,0.0,0.014999384388081754,0.09521515636542724,0.011738005003591687,CBLR filer: steps 2 and 3 do not apply
2992547,"JOHN DEERE FINANCIAL, F.S.B.",2024-12-31,588819.0,33056795.0,3894498.5,588819.0,,827456.0,,,,,,,,,,,,not computable — no RWA reported (community bank leverage ratio),1652839.75,5167.0,0.00312613488391721,0.02080775246722677,0.0,0.021716086241940345,0.12689436302397877,0.012944555117956452,CBLR filer: steps 2 and 3 do not apply
2992547,"JOHN DEERE FINANCIAL, F.S.B.",2025-03-31,535586.0,32882830.0,3823869.0,535586.0,,790120.0,,,,,,,,,,,,not computable — no RWA reported (community bank leverage ratio),1644141.5,1078.0,0.0006556613284197254,0.016846967620512857,0.0,0.00852784864328045,0.02586960667547038,0.010584668008499103,CBLR filer: steps 2 and 3 do not apply
2992547,"JOHN DEERE FINANCIAL, F.S.B.",2025-06-30,603133.0,32326279.0,3835760.9000000004,603133.0,,781289.0,,,,,,,,,,,,not computable — no RWA reported (community bank leverage ratio),1616313.9500000002,670.0,0.00041452342844655886,0.01306511167520265,0.0,0.015458957667950204,0.05159047533293432,0.019954139468409123,CBLR filer: steps 2 and 3 do not apply
2992547,"JOHN DEERE FINANCIAL, F.S.B.",2025-09-30,598056.0,32154058.0,3813461.8000000003,598056.0,,769003.0,,,,,,,,,,,,not computable — no RWA reported (community bank leverage ratio),1607702.9000000001,510.0,0.0003172227903551085,0.015583824926093878,0.0,0.019031628385789673,0.0745774083898351,0.013279692871570555,CBLR filer: steps 2 and 3 do not apply
2992547,"JOHN DEERE FINANCIAL, F.S.B.",2025-12-31,538717.0,33495476.0,3888264.6,538717.0,,821810.0,,,,,,,,,,,,not computable — no RWA reported (community bank leverage ratio),1674773.8,5121.0,0.0030577263628079206,0.013381794151660334,0.0,0.026660075679079888,0.10678631302851775,0.015247337655949227,CBLR filer: steps 2 and 3 do not apply
317342,STOCK YARDS BANK & TRUST COMPANY,2023-03-31,2355.0,68519.0,9206.900000000001,2355.0,6074916.0,691954.0,0.11390346796564758,2355.0,4143.1050000000005,6905.175000000001,9206.900000000001,0.11386995121757701,0.11381821694237818,0.11377514094215926,0.11380719558220109,True,True,above buffer,3425.9500000000003,1913126.0,558.4220435207752,0.0008492569002123143,0.0008492569002123143,0.02623574144486692,0.02585551330798479,32.13290870488323,
317342,STOCK YARDS BANK & TRUST COMPANY,2023-06-30,2409.0,69850.0,9394.0,2409.0,6319142.0,711497.0,0.11259392493474589,2409.0,4227.3,7045.5,9394.0,0.11256153594256874,0.11251137274969387,0.11246960423020277,0.11250065866132428,True,True,above buffer,3492.5,1753127.0,501.9690765926986,0.0008302200083022001,0.00041511000415110004,0.03475382705833678,0.05378568473314026,32.258198422581984,
317342,STOCK YARDS BANK & TRUST COMPANY,2023-09-30,2477.0,81774.0,10654.400000000001,2477.0,6516414.0,730905.0,0.11216368389117082,2477.0,4794.4800000000005,7990.800000000001,10654.400000000001,0.11212380848060334,0.11206885792265288,0.11202310691823551,0.11205821811588158,True,True,above buffer,4088.7000000000003,1661593.0,406.3866265561181,0.0008074283407347598,0.0004037141703673799,0.03453815261044177,0.07911646586345382,31.519983851433185,
317342,STOCK YARDS BANK & TRUST COMPANY,2023-12-31,2819.0,83699.0,11188.9,2819.0,6745109.0,746815.0,0.11071948577851003,2819.0,5035.005,8391.675,11188.9,0.11068312248877657,0.11062808705166802,0.11058226597850183,0.11061653903183301,True,True,above buffer,4184.95,1739065.0,415.5521571344939,0.03228095069173466,0.006739978715856687,0.23580293343362166,0.10003760812335465,28.15679318907414,
317342,STOCK YARDS BANK & TRUST COMPANY,2024-03-31,2725.0,84209.0,11145.9,2725.0,6852284.0,765239.0,0.11167648626355825,2725.0,5015.655,8359.425,11145.9,0.11163916632548515,0.11158473352648549,0.11153941339176386,0.11157365005415629,True,True,above buffer,4210.45,1536695.0,364.97167761165673,0.04660550458715596,0.007339449541284404,0.008046817849305048,0.026335040234089245,29.68697247706422,
317342,STOCK YARDS BANK & TRUST COMPANY,2024-06-30,2903.0,86436.0,11546.6,2903.0,7066376.0,788528.0,0.11158874081990543,2903.0,5195.97,8659.95,11546.6,0.11155254310911662,0.11149790389616474,0.11145241208943082,0.11148646303368114,True,True,above buffer,4321.8,1546902.0,357.93002915451893,0.02445745780227351,0.00792283844299001,0.02698913424465475,0.05012267788293025,28.299689975887013,
317342,STOCK YARDS BANK & TRUST COMPANY,2024-09-30,2946.0,89561.0,11902.1,2946.0,7192493.0,808604.0,0.11242332804494909,2946.0,5355.945000000001,8926.575,11902.1,0.11238567165967518,0.11232992544533998,0.11228351249472833,0.11231843376927711,True,True,above buffer,4478.05,1489610.0,332.64702269961253,0.035641547861507125,0.006449422946367957,0.057316250842886045,0.07518543492919758,28.969110658520027,
317342,STOCK YARDS BANK & TRUST COMPANY,2024-12-31,3058.0,92060.0,12264.0,3058.0,7412523.0,828872.0,0.1118204962062175,3058.0,5518.8,9198.0,12264.0,0.1117833864991047,0.11172794882312352,0.11168179274667668,0.1117164363422919,True,True,above buffer,4603.0,1651306.0,358.7456006951988,0.03597122302158273,0.014388489208633094,0.06730137885751805,0.10045961917268549,28.431327665140614,
317342,STOCK YARDS BANK & TRUST COMPANY,2025-03-31,3012.0,91592.0,12171.2,3012.0,7544005.0,850456.0,0.11273269304567003,3012.0,5477.040000000001,9128.400000000001,12171.2,0.1126958691271767,0.11264136759443365,0.1125959899031455,0.11263013459739178,True,True,above buffer,4579.6,1650426.0,360.38649663726085,0.015272244355909695,0.015272244355909695,0.019256308100929615,0.027888446215139442,29.4867197875166,
317342,STOCK YARDS BANK & TRUST COMPANY,2025-06-30,3182.0,93788.0,12560.800000000001,3182.0,7730998.0,875724.0,0.11327437932334221,3182.0,5652.360000000001,9420.6,12560.800000000001,0.11323819523585663,0.11318304522314854,0.1131371278979597,0.11317140956290425,True,True,above buffer,4689.400000000001,1673254.0,356.81622382394335,0.03236957888120679,0.0,0.03344155844155844,0.05389610389610389,28.51099937146449,
317342,STOCK YARDS BANK & TRUST COMPANY,2025-09-30,3287.0,93895.0,12676.5,3287.0,7800898.0,903589.0,0.11583140812762838,3287.0,5704.425,9507.375,12676.5,0.11579552418259448,0.11573911866041099,0.11569215601858446,0.115726937647335,True,True,above buffer,4694.75,1696928.0,361.4522605037542,0.038028597505324,0.0,0.03512522907758094,0.07819181429444105,28.037724368725282,
317342,STOCK YARDS BANK & TRUST COMPANY,2025-12-31,3569.0,90673.0,12636.300000000001,3569.0,7882089.0,931912.0,0.11823160078502032,3569.0,5686.335000000001,9477.225,12636.300000000001,0.11819984921792386,0.11814304359114428,0.11809574726076583,0.11812968136430889,True,True,above buffer,4533.650000000001,1807432.0,398.67038699502604,0.031101148781171196,0.0,0.07006369426751592,0.1013317892298784,25.740263379097787,
330855,"BANK OF MISSOURI, THE",2023-03-31,18039.0,2021364.0,220175.40000000002,18039.0,2178967.0,303517.0,0.1392939865541791,18039.0,99078.93000000001,165131.55000000002,220175.40000000002,0.13429914571102664,0.1304854813368815,0.12746905489278626,0.13023298642095732,True,True,above buffer,101068.20000000001,711738.0,7.042155692888564,0.0006097898996618437,0.00022174178169521593,0.0,0.03407281001137656,1.2343810632518433,
330855,"BANK OF MISSOURI, THE",2023-06-30,16504.0,2141328.0,230636.80000000002,16504.0,2246186.0,305738.0,0.13611428439140838,16504.0,103786.56000000001,172977.6,230636.80000000002,0.13102297808546431,0.12724981932521776,0.12426763556007459,0.12703167245142233,True,True,above buffer,107066.40000000001,713479.0,6.6638926871548865,0.00018177411536597187,0.0007876878332525448,0.0,0.06376050930650727,1.2467886572952012,
330855,"BANK OF MISSOURI, THE",2023-09-30,12425.0,1163467.0,128771.70000000001,12425.0,2264533.0,308132.0,0.13606867287869065,12425.0,57947.26500000001,96578.77500000001,128771.70000000001,0.13338728500073352,0.1311933133357044,0.12941939065631916,0.1310200331085683,True,True,above buffer,58173.350000000006,697830.0,11.995699061511843,0.0,0.0,0.0,0.10085363514291196,1.4792756539235412,
330855,"BANK OF MISSOURI, THE",2023-12-31,12933.0,1136216.0,126554.6,12933.0,2259631.0,307042.0,0.1358814779935308,12933.0,56949.57000000001,94915.95000000001,126554.6,0.13328514482794782,0.13112409071529488,0.12937603017900412,0.13094328705085773,True,True,above buffer,56810.8,721865.0,12.706474825209291,0.0007732158045310446,0.001855717930874507,0.0011208249271463797,0.16033400582828963,1.470888424959406,
330855,"BANK OF MISSOURI, THE",2024-03-31,13741.0,1346738.0,148414.80000000002,13741.0,2280437.0,300802.0,0.13190541988224186,13741.0,66786.66,111311.1,148414.80000000002,0.12890689318428447,0.12649331450692472,0.12454997923904776,0.12631084686975522,True,True,above buffer,67336.90000000001,726265.0,10.785542547993744,0.0008732988865439197,0.0002910996288479732,0.0013055641902393535,0.04028598072738576,1.444873007786915,
330855,"BANK OF MISSOURI, THE",2024-06-30,13411.0,1349475.0,148358.5,13411.0,2317158.0,290415.0,0.12533241151445002,13411.0,66761.325,111268.875,148358.5,0.12251169799203299,0.12025386789641704,0.11843495314536834,0.12008715172609387,True,True,above buffer,67473.75,755548.0,11.197658348617054,0.0005219595854149578,0.00029826262023711876,0.0013412316977757907,0.05208449759695988,1.4859443740213258,
330855,"BANK OF MISSOURI, THE",2024-09-30,30449.0,1302654.0,160714.40000000002,30449.0,2313385.0,289257.0,0.12503625639484997,30449.0,72321.48000000001,120535.80000000002,160714.40000000002,0.12281332400226577,0.12034965419606755,0.11837086025071344,0.11996968749388891,True,True,above buffer,65132.700000000004,727266.0,11.165912053392535,0.0,0.0,0.0014908066920655955,0.06730716139362818,0.6643896351275904,
330855,"BANK OF MISSOURI, THE",2024-12-31,18785.0,1279625.0,146747.5,18785.0,2335037.0,290204.0,0.12428239895128,18785.0,66036.375,110060.625,146747.5,0.12181732616648477,0.11960701065881812,0.11782544007824605,0.11937595250449261,True,True,above buffer,63981.25,769041.0,12.019787046986421,0.0,0.0,0.001516300227445034,0.08128452290696415,1.0841628959276017,
330855,"BANK OF MISSOURI, THE",2025-03-31,34777.0,1407573.0,175534.30000000002,34777.0,2344400.0,287700.0,0.12271796621736905,34777.0,78990.43500000001,131650.725,175534.30000000002,0.12044644637109311,0.11784831707063081,0.11576731983927135,0.11743010640781947,True,True,above buffer,70378.65000000001,673251.0,9.56612552244182,0.0,0.0,-0.000177294486141481,0.014301755215412802,0.5974063317709981,
330855,"BANK OF MISSOURI, THE",2025-06-30,46307.0,1464671.0,192774.1,46307.0,2446969.0,316582.0,0.1293772009371594,46307.0,86748.345,144580.575,192774.1,0.12727373295538819,0.12438185778815207,0.12207048401925152,0.1238186824170691,True,True,above buffer,73233.55,654872.0,8.942240271023321,0.0,0.0,-0.0003139717425431711,0.03018614039022202,0.4542725721813117,
330855,"BANK OF MISSOURI, THE",2025-09-30,31436.0,1414997.0,172935.7,31436.0,2407938.0,321042.0,0.1333265225267428,31436.0,77821.065,129701.77500000001,172935.7,0.13080674039136736,0.128098921245939,0.125926591577429,0.1276984819919622,True,True,above buffer,70749.85,639762.0,9.042591609734862,0.0,0.0,0.001693414925143363,0.04552976946464996,0.6565084616363405,
330855,"BANK OF MISSOURI, THE",2025-12-31,19152.0,1355173.0,154669.30000000002,19152.0,2381892.0,320416.0,0.1345216323829964,19152.0,69601.18500000001,116001.975,154669.30000000002,0.13173151940030978,0.12926557230709743,0.12728005731924483,0.12901636107693848,True,True,above buffer,67758.65000000001,626410.0,9.244723736379044,0.0,0.0,0.0017213555675094137,0.062004662004662,1.087092731829574,
3482111,MRV BANKS,2023-03-31,1066.0,285494.0,29615.4,1066.0,,68234.0,,,,,,,,,,,,not computable — no RWA reported (community bank leverage ratio),14274.7,60324.0,4.225938198350929,0.0,0.0,0.0,0.0,10.556285178236397,CBLR filer: steps 2 and 3 do not apply
3482111,MRV BANKS,2023-06-30,1805.0,507152.0,52520.200000000004,1805.0,,72183.0,,,,,,,,,,,,not computable — no RWA reported (community bank leverage ratio),25357.600000000002,71973.0,2.8383206612613177,0.0,0.0,0.0,0.0,6.297506925207756,CBLR filer: steps 2 and 3 do not apply
3482111,MRV BANKS,2023-09-30,2905.0,824195.0,85324.5,2905.0,,76294.0,,,,,,,,,,,,not computable — no RWA reported (community bank leverage ratio),41209.75,79845.0,1.9375269202069898,0.0,0.0,0.0,0.0,3.9173838209982788,CBLR filer: steps 2 and 3 do not apply
3482111,MRV BANKS,2023-12-31,4069.0,921407.0,96209.70000000001,4069.0,,80571.0,,,,,,,,,,,,not computable — no RWA reported (community bank leverage ratio),46070.350000000006,93352.0,2.0262923984732044,0.0,0.0,0.0,0.0,2.873679036618334,CBLR filer: steps 2 and 3 do not apply
3482111,MRV BANKS,2024-03-31,6538.0,1281064.0,134644.40000000002,6538.0,,83914.0,,,,,,,,,,,,not computable — no RWA reported (community bank leverage ratio),64053.200000000004,93617.0,1.461550710971505,0.0,0.0,0.0,0.0,1.9275007647598654,CBLR filer: steps 2 and 3 do not apply
3482111,MRV BANKS,2024-06-30,6718.0,1764714.0,183189.40000000002,6718.0,,87462.0,,,,,,,,,,,,not computable — no RWA reported (community bank leverage ratio),88235.70000000001,112485.0,1.2748241358089751,0.0,0.0,0.0,0.0,1.9008633521881513,CBLR filer: steps 2 and 3 do not apply
3482111,MRV BANKS,2024-09-30,8824.0,2331849.0,242008.90000000002,8824.0,,89860.0,,,,,,,,,,,,not computable — no RWA reported (community bank leverage ratio),116592.45000000001,103878.0,0.8909496283850282,0.0,0.0,0.0,0.0002014098690835851,1.5699229374433363,CBLR filer: steps 2 and 3 do not apply
3482111,MRV BANKS,2024-12-31,6041.0,1315806.0,137621.6,6041.0,,90949.0,,,,,,,,,,,,not computable — no RWA reported (community bank leverage ratio),65790.3,169819.0,2.5812163799222683,0.0,0.0,0.0,0.0002025931928687196,1.8750206919384207,CBLR filer: steps 2 and 3 do not apply
3482111,MRV BANKS,2025-03-31,12183.0,425946.0,54777.600000000006,12183.0,,92494.0,,,,,,,,,,,,not computable — no RWA reported (community bank leverage ratio),21297.300000000003,121902.0,5.723824146722823,0.0,0.0,0.0,0.0,0.9159484527620455,CBLR filer: steps 2 and 3 do not apply
3482111,MRV BANKS,2025-06-30,2830.0,437289.0,46558.9,2830.0,,94436.0,,,,,,,,,,,,not computable — no RWA reported (community bank leverage ratio),21864.45,107003.0,4.893925984874991,0.0,0.0,0.0,0.0005837711617046118,4.979858657243816,CBLR filer: steps 2 and 3 do not apply
3482111,MRV BANKS,2025-09-30,1087.0,450876.0,46174.600000000006,1087.0,,90672.0,,,,,,,,,,,,not computable — no RWA reported (community bank leverage ratio),22543.800000000003,137634.0,6.105181912543581,0.0,0.0,0.0,0.000741839762611276,11.462741490340386,CBLR filer: steps 2 and 3 do not apply
3482111,MRV BANKS,2025-12-31,951.0,432805.0,44231.5,951.0,,85557.0,,,,,,,,,,,,not computable — no RWA reported (community bank leverage ratio),21640.25,178524.0,8.249627430367024,0.0,0.0,0.0,0.0007067137809187279,25.095688748685593,CBLR filer: steps 2 and 3 do not apply
353555,AMARILLO NATIONAL BANK,2023-03-31,7588.0,50420.0,12630.0,7588.0,7939447.0,818921.0,0.10314584882297217,7588.0,5683.5,9472.5,12630.0,0.10317059719680241,0.10312137202684461,0.10308038691978805,0.10309674460453958,True,True,above buffer,2521.0,1459343.0,578.8746529155097,0.04441222983658408,0.0260938323668951,0.0025568908207619537,0.0386090513935055,11.19978914074855,
353555,AMARILLO NATIONAL BANK,2023-06-30,8008.0,51452.0,13153.2,8008.0,8182311.0,847930.0,0.10362964692982216,8008.0,5918.9400000000005,9864.900000000001,13153.2,0.10365611180471222,0.10360613447336534,0.10356452349632111,0.10358079668002004,True,True,above buffer,2572.6000000000004,1224502.0,475.9783876234159,0.0492007992007992,0.011113886113886114,0.023951367781155017,0.0748936170212766,11.021478521478521,
353555,AMARILLO NATIONAL BANK,2023-09-30,8792.0,52603.0,14052.3,8792.0,8126132.0,814335.0,0.10021188432577763,8792.0,6323.535,10539.224999999999,14052.3,0.10024233481501521,0.10019034208766803,0.10014705599679406,0.10016325521434392,True,True,above buffer,2630.15,1553841.0,590.7803737429424,0.05402638762511374,0.015468607825295723,0.03071593533487298,0.10912240184757506,10.036851683348498,
353555,AMARILLO NATIONAL BANK,2023-12-31,8744.0,54186.0,14162.6,8744.0,8236898.0,854367.0,0.10372436322508789,8744.0,6373.17,10621.95,14162.6,0.1037542268501617,0.10370072025080376,0.10365617355683716,0.10367321256713241,True,True,above buffer,2709.3,1758577.0,649.0890635957627,0.062099725526075025,0.014066788655077768,0.03664568345323741,0.14613309352517986,10.144441903019214,
353555,AMARILLO NATIONAL BANK,2024-03-31,8550.0,54882.0,14038.2,8550.0,8256151.0,873406.0,0.10578852058301744,8550.0,6317.1900000000005,10528.650000000001,14038.2,0.10581713798159174,0.10576317362612489,0.10571824535741042,0.10573580540915072,True,True,above buffer,2744.1000000000004,1811080.0,659.9905251266352,0.061052631578947365,0.016374269005847954,0.005058634168774431,0.04092894918372039,10.395906432748538,
353555,AMARILLO NATIONAL BANK,2024-06-30,9919.0,56602.0,15579.2,9919.0,8364931.0,893487.0,0.10681343336842826,9919.0,7010.64,11684.400000000001,15579.2,0.10685058370040482,0.10679089538853112,0.10674120604527909,0.10675925371698622,True,True,above buffer,2830.1000000000004,1639950.0,579.4671566375746,0.04415767718520012,0.019558423228148,0.012563367864227463,0.0779149217544633,9.054844238330476,
353555,AMARILLO NATIONAL BANK,2024-09-30,10419.0,58266.0,16245.6,10419.0,8271164.0,927775.0,0.11216982277222408,10419.0,7310.52,12184.2,16245.6,0.1122119944351801,0.11214588902803616,0.11209086065652896,0.11211059076133692,True,True,above buffer,2913.3,1915774.0,657.5958534994679,0.03887129283040599,0.011325463096266437,0.029071652437047443,0.11509780611693504,8.658412515596506,
353555,AMARILLO NATIONAL BANK,2024-12-31,10087.0,60863.0,16173.3,10087.0,8324440.0,952098.0,0.11437381974042699,10087.0,7277.985,12129.974999999999,16173.3,0.11441242728933623,0.11434575712922779,0.1142902579876616,0.11431113697681328,True,True,above buffer,3043.15,1988224.0,653.3440678244582,0.04520670169525132,0.017051650639436897,0.038538697075282444,0.1501425403864428,9.011499950431249,
353555,AMARILLO NATIONAL BANK,2025-03-31,9372.0,61524.0,15524.400000000001,9372.0,8097815.0,979553.0,0.12096509984483468,9372.0,6985.9800000000005,11643.300000000001,15524.400000000001,0.12100075269883968,0.12093118069618591,0.12087326511209805,0.12089621072040703,True,True,above buffer,3076.2000000000003,2423412.0,787.7940315974254,0.04876227059325651,0.018139137857447717,0.009609224855861628,0.037475976937860346,9.60734101579172,
353555,AMARILLO NATIONAL BANK,2025-06-30,9962.0,63254.0,16287.400000000001,9962.0,7913026.0,1005872.0,0.12711597308033615,9962.0,7329.330000000001,12215.550000000001,16287.400000000001,0.12715827874010407,0.12707978204004178,0.12701444211706528,0.12703980964943531,True,True,above buffer,3162.7000000000003,2684131.0,848.6834034211274,0.03804456936358161,0.02579803252358964,0.020028759244042727,0.07230895645028759,9.058120859265207,
353555,AMARILLO NATIONAL BANK,2025-09-30,10339.0,64581.0,16797.1,10339.0,7966137.0,1019357.0,0.12796126905675861,10339.0,7558.695,12597.824999999999,16797.1,0.12800594511106475,0.12792499549305458,0.12785761564637843,0.12788351325269665,True,True,above buffer,3229.05,2860962.0,886.007339620012,0.027565528581100687,0.01296063449076313,0.029561671763506627,0.10764525993883792,8.770770867588741,
353555,AMARILLO NATIONAL BANK,2025-12-31,9942.0,66408.0,16582.8,9942.0,8267195.0,1042780.0,0.12613468050529836,9942.0,7462.26,12437.099999999999,16582.8,0.12617252587598524,0.12609662362075696,0.1260334414661698,0.12605873598718093,True,True,above buffer,3320.4,2226243.0,670.4743404409107,0.04646952323476162,0.012271172802253068,0.037724490819705025,0.14206882712952745,9.185274592637297,
355858,FIRST NATIONAL BANK,2023-03-31,223908.0,190720.0,242980.0,223908.0,1441866.0,315290.0,0.21866803156465303,223908.0,109341.0,182235.0,242980.0,0.23754255823292264,0.22517610072325744,0.21581340207455757,0.21652004917008316,True,True,above buffer,9536.0,303539.0,31.830851510067113,0.0519543741179413,0.0,0.07013574660633484,0.08461274363082558,0.32225735569966235,
355858,FIRST NATIONAL BANK,2023-06-30,230620.0,185185.0,249138.5,230620.0,1451484.0,321429.0,0.22144853129624578,230620.0,112112.325,186853.875,249138.5,0.24113631575564556,0.22833339386274398,0.21865881180474184,0.21934963140354294,True,True,above buffer,9259.25,294907.0,31.84998784998785,0.0574755008238661,0.0,0.13110298282668165,0.17093840702213517,0.3264114127135548,
355858,FIRST NATIONAL BANK,2023-09-30,223953.0,180111.0,241964.1,223953.0,1439374.0,323353.0,0.224648354076147,223953.0,108883.845,181473.075,241964.1,0.24416810164279057,0.23147997102070894,0.22187203643017894,0.22255966256592735,True,True,above buffer,9005.550000000001,283937.0,31.529112602783837,0.06834469732488513,0.0,0.19228242881272073,0.25262313821165955,0.37940103503860184,
355858,FIRST NATIONAL BANK,2023-12-31,226914.0,173295.0,244243.5,226914.0,1428300.0,329311.0,0.2305615066862704,226914.0,109909.575,183182.625,244243.5,0.2511340740244624,0.23784375440401156,0.22779764801423877,0.2284823817989646,True,True,above buffer,8664.75,280403.0,32.36134914452234,0.06840477008910865,0.0,0.36529951367921265,0.4566575241431765,0.3694218955198886,
355858,FIRST NATIONAL BANK,2024-03-31,214508.0,177387.0,232246.7,214508.0,1404901.0,337396.0,0.24015642383342314,214508.0,104511.01500000001,174185.02500000002,232246.7,0.26055676412432777,0.24725299236736575,0.23716194620465042,0.23790354289571075,True,True,above buffer,8869.35,298902.0,33.70055302812494,0.05965278684244877,0.0,0.08290120180202251,0.08717034375439504,0.3860648553900088,
355858,FIRST NATIONAL BANK,2024-06-30,210677.0,173654.0,228042.4,210677.0,1390304.0,340682.0,0.24504137224664535,210677.0,102619.08,171031.8,228042.4,0.2656915901821279,0.252233946870964,0.24201847393997483,0.24276718476481673,True,True,above buffer,8682.7,303563.0,34.96182063183111,0.060158441595428075,0.0,0.15936375686423027,0.17883450104146942,0.39629385267494793,
355858,FIRST NATIONAL BANK,2024-09-30,209932.0,165928.0,226524.8,209932.0,1400138.0,349205.0,0.24940755839781506,209932.0,101936.16,169893.59999999998,226524.8,0.27025277156810673,0.25674957922199226,0.24648648847049842,0.2472103224264549,True,True,above buffer,8296.4,294806.0,35.53420760811919,0.06401596707505287,0.0,0.22966011481580048,0.268120556590503,0.3987767467560924,
355858,FIRST NATIONAL BANK,2024-12-31,208277.0,157271.0,224004.1,208277.0,1402323.0,357849.0,0.25518300705329655,208277.0,100801.845,168003.075,224004.1,0.2763637452707812,0.2627284189448167,0.25235286115772637,0.2530544959878092,True,True,above buffer,7863.55,309229.0,39.324350961079915,0.06330031640555606,0.0,0.3088872745466879,0.3594119090344897,0.39301987257354387,
355858,FIRST NATIONAL BANK,2025-03-31,197369.0,162925.0,213661.5,197369.0,1411578.0,366883.0,0.25990983140853713,197369.0,96147.675,160246.125,213661.5,0.2799871264058696,0.2669297769907184,0.25694416965684214,0.2576792220873423,True,True,above buffer,8146.25,316838.0,38.893724106183825,0.059477425532885105,0.0,0.07509265062202987,0.08714833475619686,0.40281908506401715,
355858,FIRST NATIONAL BANK,2025-06-30,194275.0,162762.0,210551.2,194275.0,1442645.0,375539.0,0.26031282817325124,194275.0,94748.04000000001,157913.40000000002,210551.2,0.2796023795496038,0.26704361297303236,0.25740869349215023,0.2581286352706012,True,True,above buffer,8138.1,294826.0,36.22786645531512,0.05714579848153391,0.0,0.14877720877248796,0.17879537361069775,0.40286706987517695,
355858,FIRST NATIONAL BANK,2025-09-30,195944.0,160443.0,211988.3,195944.0,1606304.0,367142.0,0.22856321094886148,195944.0,95394.735,158991.22499999998,211988.3,0.24382589771500865,0.23394508135041597,0.22630282288951145,0.22686371809806202,True,True,above buffer,8022.150000000001,445415.0,55.52314529147423,0.06205854734005634,0.0,0.21346041566369958,0.26880883362184643,0.4042787735271302,
355858,FIRST NATIONAL BANK,2025-12-31,196569.0,156892.0,212258.2,196569.0,1617949.0,374540.0,0.23149060940734226,196569.0,95516.19,159193.65000000002,212258.2,0.24691208433979916,0.23696459826468702,0.22926741061760186,0.22981919732144726,True,True,above buffer,7844.6,480145.0,61.20707238100094,0.062481876592952096,0.0,0.2836815792847071,0.3593744391744648,0.41110755002060345,
3636446,GBANK,2023-03-31,0.0,0.0,,,,,,,,,,,,,,,,,,,,,,,,,no credit-card exposure reported
3636446,GBANK,2023-06-30,25.0,0.0,25.0,25.0,,109149.0,,,,,,,,,,,,not computable — no RWA reported (community bank leverage ratio),0.0,196824.0,,0.0,0.0,0.0,0.0,286.72,CBLR filer: steps 2 and 3 do not apply
3636446,GBANK,2023-09-30,300.0,1648.0,464.8,300.0,,113399.0,,,,,,,,,,,,not computable — no RWA reported (community bank leverage ratio),82.4,167190.0,2029.004854368932,0.023333333333333334,0.0,0.0,0.04918032786885246,22.1,CBLR filer: steps 2 and 3 do not apply
3636446,GBANK,2023-12-31,410.0,1975.0,607.5,410.0,,117518.0,,,,,,,,,,,,not computable — no RWA reported (community bank leverage ratio),98.75,198311.0,2008.2126582278481,0.026829268292682926,0.0,0.0,0.051075268817204304,17.28780487804878,CBLR filer: steps 2 and 3 do not apply
3636446,GBANK,2024-03-31,542.0,2432.0,785.2,542.0,,121818.0,,,,,,,,,,,,not computable — no RWA reported (community bank leverage ratio),121.60000000000001,143765.0,1182.2779605263156,0.055350553505535055,0.06088560885608856,0.0,0.03926096997690531,13.07749077490775,CBLR filer: steps 2 and 3 do not apply
3636446,GBANK,2024-06-30,891.0,3661.0,1257.1,891.0,,127145.0,,,,,,,,,,,,not computable — no RWA reported (community bank leverage ratio),183.05,147008.0,803.1029773285987,0.052749719416386086,0.03479236812570146,0.03128371089536138,0.037756202804746494,8.240179573512906,CBLR filer: steps 2 and 3 do not apply
3636446,GBANK,2024-09-30,1154.0,4905.0,1644.5,1154.0,,132863.0,,,,,,,,,,,,not computable — no RWA reported (community bank leverage ratio),245.25,156381.0,637.6391437308869,0.03466204506065858,0.02339688041594454,0.06831275720164609,0.05185185185185185,6.875216637781629,CBLR filer: steps 2 and 3 do not apply
3636446,GBANK,2024-12-31,1667.0,18323.0,3499.3,1667.0,,138941.0,,,,,,,,,,,,not computable — no RWA reported (community bank leverage ratio),916.1500000000001,230300.0,251.3780494460514,0.01979604079184163,0.02399520095980804,0.07976366322008863,0.06794682422451995,5.467306538692261,CBLR filer: steps 2 and 3 do not apply
3636446,GBANK,2025-03-31,2454.0,25563.0,5010.3,2454.0,,159745.0,,,,,,,,,,,,not computable — no RWA reported (community bank leverage ratio),1278.15,258342.0,202.12181668818212,0.04319478402607987,0.019967400162999183,0.02081268582755203,0.011397423191278493,3.6662591687041566,CBLR filer: steps 2 and 3 do not apply
3636446,GBANK,2025-06-30,3881.0,48927.0,8773.7,3881.0,,165603.0,,,,,,,,,,,,not computable — no RWA reported (community bank leverage ratio),2446.35,265630.0,108.58217344206676,0.02009791290904406,0.03761917031692863,0.02491327656890571,0.01829076001261432,2.3718113888173153,CBLR filer: steps 2 and 3 do not apply
3636446,GBANK,2025-09-30,8945.0,119078.0,20852.800000000003,8945.0,,170851.0,,,,,,,,,,,,not computable — no RWA reported (community bank leverage ratio),5953.900000000001,227742.0,38.250894371756324,0.024930128563443264,0.020570150922302962,0.028812177222071213,0.015493340581679805,1.182448295136948,CBLR filer: steps 2 and 3 do not apply
3636446,GBANK,2025-12-31,11289.0,116585.0,22947.5,11289.0,,178732.0,,,,,,,,,,,,not computable — no RWA reported (community bank leverage ratio),5829.25,268902.0,46.12977655787623,0.15244928691646736,0.07564886172380193,0.036122760198246284,0.029451010293556994,0.8760740543892285,CBLR filer: steps 2 and 3 do not apply
37640,GERMAN AMERICAN BANK,2023-03-31,18320.0,74456.0,25765.6,18320.0,4801440.0,654241.0,0.13625933053417308,18320.0,11594.52,19324.199999999997,25765.6,0.13645045961985658,0.13623083845513498,0.13604836014398014,0.13610104147176957,True,True,above buffer,3722.8,1744003.0,468.4654023853014,0.010316593886462883,0.0,0.006986848285580084,0.010568341944574918,2.4189410480349345,
37640,GERMAN AMERICAN BANK,2023-06-30,19328.0,79778.0,27305.8,19328.0,4853217.0,667868.0,0.13761346339963781,19328.0,12287.61,20479.35,27305.8,0.13781338439500246,0.13758082449594086,0.13738762330610574,0.13744401380774515,True,True,above buffer,3988.9,1734860.0,434.92190829552004,0.006001655629139073,0.0,0.012958739373833713,0.019230769230769232,2.290252483443709,
37640,GERMAN AMERICAN BANK,2023-09-30,20143.0,82278.0,28370.800000000003,20143.0,4902142.0,690948.0,0.140948181427629,20143.0,12766.860000000002,21278.100000000002,28370.800000000003,0.14116058250026284,0.14091555217224008,0.14071200910367282,0.14077097795426793,True,True,above buffer,4113.900000000001,1603098.0,389.6784073506891,0.007198530506875838,0.0,0.015213575190169689,0.027794031597425394,2.2164523655860595,
37640,GERMAN AMERICAN BANK,2023-12-31,20351.0,84232.0,28774.2,20351.0,4905028.0,688696.0,0.14040613019946063,20351.0,12948.390000000001,21580.65,28774.2,0.14061834974275156,0.1403709403642917,0.14016542995277942,0.14022552761204699,True,True,above buffer,4211.6,1708513.0,405.66839206002464,0.01238268389759717,0.0,0.020002746372499658,0.0360232526204971,2.1505085745172225,
37640,GERMAN AMERICAN BANK,2024-03-31,21113.0,86337.0,29746.7,21113.0,4973403.0,682909.0,0.1373122186157044,21113.0,13386.015000000001,22310.025,29746.7,0.13752588729854942,0.13727917753548435,0.13707426121529775,0.13713367321212283,True,True,above buffer,4316.85,1659108.0,384.33302060530247,0.007672997679155023,0.0,0.006417112299465241,0.01013717740060451,2.0723724719367214,
37640,GERMAN AMERICAN BANK,2024-06-30,10565.0,87915.0,19356.5,10565.0,5003450.0,686574.0,0.13722011811849824,10565.0,8710.425000000001,14517.375,19356.5,0.1372709988833213,0.13711180939398743,0.1369794332535653,0.13703952527958277,True,True,above buffer,4395.75,1699469.0,386.6163908320537,0.0065309985802177,0.0,0.014074533061874834,0.015225281048065859,4.159583530525319,
37640,GERMAN AMERICAN BANK,2024-09-30,10812.0,88951.0,19707.1,10812.0,4910562.0,710247.0,0.14463660167614217,10812.0,8868.195,14780.324999999999,19707.1,0.14469387754041846,0.14451981227728003,0.14437507748568434,0.14444036982930844,True,True,above buffer,4447.55,1739709.0,391.1612011107239,0.012116167221605623,0.0,0.04076822348319511,0.037625491051942385,4.081021087680355,
37640,GERMAN AMERICAN BANK,2024-12-31,11520.0,95011.0,21021.1,11520.0,5032971.0,715917.0,0.14224540534805385,11520.0,9459.494999999999,15765.824999999999,21021.1,0.14230366465702746,0.14212550796838092,0.14197738446584565,0.14204429495260737,True,True,above buffer,4750.55,1702355.0,358.3490332698319,0.013628472222222222,0.0,0.05863751355258403,0.04192265992049151,3.857291666666667,
37640,GERMAN AMERICAN BANK,2025-03-31,16068.0,117759.0,27843.9,16068.0,6648415.0,835097.0,0.1256084344915292,16068.0,12529.755000000001,20882.925000000003,27843.9,0.12567531811205127,0.12551753199781382,0.12538634590789283,0.12544179439461006,True,True,above buffer,5887.950000000001,2000947.0,339.83763449078197,0.00784167289021658,0.0,0.010614525139664804,0.020391061452513966,4.677495643515061,
37640,GERMAN AMERICAN BANK,2025-06-30,16357.0,129264.0,29283.4,16357.0,6680305.0,869571.0,0.13016935603988142,16357.0,13177.53,21962.550000000003,29283.4,0.13023133923318647,0.130060220443721,0.1299179645873292,0.1299807213746105,True,True,above buffer,6463.200000000001,1767917.0,273.53586458720133,0.008681298526624687,0.0,0.0298921054183126,0.037026118742998645,4.616372195390353,
37640,GERMAN AMERICAN BANK,2025-09-30,13134.0,127737.0,25907.7,13134.0,6757947.0,885421.0,0.13101922817684128,13134.0,11658.465,19430.775,25907.7,0.13104784125659,0.1308972635303937,0.13077204617227822,0.13083375419421564,True,True,above buffer,6386.85,1869523.0,292.7144053798038,0.011420740063956145,0.0,0.030952228688367334,0.06190445737673467,5.790848180295416,
37640,GERMAN AMERICAN BANK,2025-12-31,13916.0,126498.0,26565.800000000003,13916.0,6851110.0,884561.0,0.1291120708907024,13916.0,11954.610000000002,19924.350000000002,26565.800000000003,0.12914904470148444,0.128998940203504,0.12887411940027388,0.1289335250085767,True,True,above buffer,6324.900000000001,1771577.0,280.09565368622424,0.005748778384593274,0.0,0.04271267944275511,0.08698111873276289,5.583069847657373,
3783948,"RBC BANK (GEORGIA), NATIONAL ASSOCIATION",2023-03-31,231831.0,2563908.0,488221.80000000005,231831.0,2142366.0,622637.0,0.29063054585444315,231831.0,219699.81000000003,366166.35000000003,488221.80000000005,0.29228561897361915,0.27348207089173115,0.25956653880043196,0.26669289747698066,True,True,above buffer,128195.40000000001,3553189.0,27.716977364242396,0.010645685865997213,0.008488942376127438,0.0062837151563029,0.02354587518338788,0.06435722573771412,
3783948,"RBC BANK (GEORGIA), NATIONAL ASSOCIATION",2023-06-30,183334.0,2683753.0,451709.3,183334.0,2146491.0,598878.0,0.27900326626107447,183334.0,203269.185,338781.975,451709.3,0.2764359128164803,0.26016241373210164,0.2479963383480071,0.2550834914273369,True,True,above buffer,134187.65,3694666.0,27.533577046769953,0.01625994087294228,0.012049047094374203,0.014069540919734745,0.05395619748519254,0.07133428605714161,
3783948,"RBC BANK (GEORGIA), NATIONAL ASSOCIATION",2023-09-30,190742.0,2728954.0,463637.4,190742.0,2153216.0,633714.0,0.29431046397574606,190742.0,208636.83000000002,347728.05000000005,463637.4,0.29188468467084194,0.2743110716225016,0.2612056478527738,0.26876345311717686,True,True,above buffer,136447.7,3598244.0,26.370865906863948,0.01761541768462111,0.013075253483763408,0.024024136473785287,0.09044758394539337,0.0744251397175242,
3783948,"RBC BANK (GEORGIA), NATIONAL ASSOCIATION",2023-12-31,231547.0,2744564.0,506003.4,231547.0,2180289.0,668920.0,0.30680336414117576,231547.0,227701.53000000003,379502.55000000005,506003.4,0.3073454425900037,0.28730658899212286,0.2725007652524779,0.2803366269073291,True,True,above buffer,137228.2,3567525.0,25.997025392739975,0.01659274358985433,0.013336385269513317,0.029521265552987418,0.10652383522714166,0.09452076684215299,
3783948,"RBC BANK (GEORGIA), NATIONAL ASSOCIATION",2024-03-31,253456.0,2782019.0,531657.9,253456.0,2170958.0,706613.0,0.3254844174783667,253456.0,239246.05500000002,398743.42500000005,531657.9,0.32762890332130146,0.30506827660544655,0.2885123997008117,0.2969449492746063,True,True,above buffer,139100.95,3634339.0,26.127348519186963,0.013473739031626792,0.013655230099109905,0.008998270651172563,0.026372569618411907,0.09168060728489363,
3783948,"RBC BANK (GEORGIA), NATIONAL ASSOCIATION",2024-06-30,203625.0,2913954.0,495020.4,203625.0,2053788.0,746596.0,0.36352145401570174,203625.0,222759.18000000002,371265.30000000005,495020.4,0.36016595664001244,0.33608827257670215,0.318352927110093,0.32855901434056006,True,True,above buffer,145697.7,3630959.0,24.921182695402877,0.019776550030693677,0.015734806629834255,0.02094916081356641,0.058185335587430505,0.10607243707796193,
3783948,"RBC BANK (GEORGIA), NATIONAL ASSOCIATION",2024-09-30,218807.0,3003887.0,519195.7,218807.0,2053294.0,696424.0,0.3391740296323858,218807.0,233638.065,389396.775,519195.7,0.33674172407943814,0.3131566531618767,0.29588695196680503,0.3056387361189789,True,True,above buffer,150194.35,3841839.0,25.579117989458325,0.017120110416942787,0.01648027713921401,0.03293213997574911,0.09559284929063792,0.102012275658457,
3783948,"RBC BANK (GEORGIA), NATIONAL ASSOCIATION",2024-12-31,269417.0,3034513.0,572868.3,269417.0,2107671.0,736701.0,0.349533205134957,269417.0,257790.73500000002,429651.22500000003,572868.3,0.35147198325421236,0.3248376483633702,0.3055427756609443,0.3154685840638758,True,True,above buffer,151725.65,3797412.0,25.028147844481143,0.015102981623282866,0.013647988063114057,0.03759317808467958,0.11166511197880122,0.08463831161359528,
3783948,"RBC BANK (GEORGIA), NATIONAL ASSOCIATION",2025-03-31,269560.0,3085372.0,578097.2,269560.0,2096313.0,776524.0,0.3704236915002674,269560.0,260143.74,433572.89999999997,578097.2,0.37209507548514353,0.343545149838791,0.32289911446459324,0.333599130374974,True,True,above buffer,154268.6,3912003.0,25.35838790265809,0.014816738388484938,0.013911559578572489,0.010198059624630213,0.02618491829899523,0.08688232675471139,
3783948,"RBC BANK (GEORGIA), NATIONAL ASSOCIATION",2025-06-30,217487.0,3161726.0,533659.6000000001,217487.0,2026593.0,818508.0,0.4038837595906035,217487.0,240146.82000000004,400244.70000000007,533659.6000000001,0.3994177741329154,0.3704744565903457,0.3493768219919227,0.3615761287343331,True,True,above buffer,158086.30000000002,3964695.0,25.07930794762101,0.01978509060311651,0.017817156887538106,0.022288563965125352,0.05974149336771042,0.10584540685190379,
3783948,"RBC BANK (GEORGIA), NATIONAL ASSOCIATION",2025-09-30,223000.0,3179179.0,540917.9,223000.0,2027461.0,823144.0,0.4059974519855129,223000.0,243413.05500000002,405688.42500000005,540917.9,0.4019504998318854,0.3724381667090224,0.35096418749226405,0.3632747291950083,True,True,above buffer,158958.95,4505280.0,28.34241167295078,0.019533632286995516,0.018363228699551568,0.03610612316128351,0.0969565596770564,0.10678026905829596,
3783948,"RBC BANK (GEORGIA), NATIONAL ASSOCIATION",2025-12-31,263652.0,3153630.0,579015.0,263652.0,2120229.0,871685.0,0.41112776025608555,263652.0,260556.75,434261.25,579015.0,0.4117288291304222,0.3805091869755536,0.35789450778291276,0.3698672059683855,True,True,above buffer,157681.5,4791245.0,30.38558740245368,0.01701106003368076,0.015091863517060367,0.04531942503907562,0.11628572257762262,0.08854095550194954,
399517,CNB BANK,2023-03-31,12122.0,55110.0,17633.0,12122.0,4359203.0,533428.0,0.12236824024942174,12122.0,7934.85,13224.75,17633.0,0.12248589175628374,0.12233729251670024,0.12221373496636893,0.12225232469764392,True,True,above buffer,2755.5,953700.0,346.1077844311377,0.003547269427487213,0.006847054941428807,0.00495009332143147,0.056723200519354054,3.4516581422207557,
399517,CNB BANK,2023-06-30,11640.0,57785.0,17418.5,11640.0,4480389.0,540808.0,0.12070559051903752,11640.0,7838.325,13063.875,17418.5,0.12080809794099123,0.1206672422707965,0.12055011320910332,0.1205889449746658,True,True,above buffer,2889.25,866632.0,299.95050618672667,0.00584192439862543,0.006357388316151203,0.005504033778179899,0.10977908467164292,3.727835051546392,
399517,CNB BANK,2023-09-30,12638.0,59248.0,18562.8,12638.0,4543553.0,546742.0,0.12033358035000362,12638.0,8353.26,13922.099999999999,18562.8,0.1204471665219451,0.12029958125451846,0.12017686952994913,0.12021600895655904,True,True,above buffer,2962.4,903098.0,304.85349716446126,0.1034973888273461,0.007675265073587593,0.006836162531684461,0.16875336047315462,3.4535527773381864,
399517,CNB BANK,2023-12-31,11785.0,62262.0,18011.2,11785.0,4517512.0,556033.0,0.12308390104995848,11785.0,8105.040000000001,13508.400000000001,18011.2,0.1231842467935515,0.12303696328808186,0.12291449580349278,0.12295680338272125,True,True,above buffer,3113.1000000000004,946373.0,303.9969805017506,0.010776410691557064,0.00271531607976241,0.01186099743358535,0.20406464590414095,3.705048790835808,
399517,CNB BANK,2024-03-31,12683.0,64964.0,19179.4,12683.0,4493141.0,564255.0,0.1255814139818893,12683.0,8630.730000000001,14384.550000000001,19179.4,0.12569477547395236,0.12553387437341937,0.12540010446175062,0.1254453827426433,True,True,above buffer,3248.2000000000003,1025119.0,315.596022412413,0.010486477962627139,0.003863439249388946,0.0018587360594795538,0.05723358116480793,3.4427185997003864,
399517,CNB BANK,2024-06-30,13259.0,67727.0,20031.7,13259.0,4562310.0,570544.0,0.1250559475353494,13259.0,9014.265000000001,15023.775000000001,20031.7,0.12517240689400266,0.12500759258485197,0.12487057850802306,0.12491686922630055,True,True,above buffer,3386.3500000000004,1038816.0,306.7656916739262,0.016818764612715892,0.008447092540915604,0.0021607022282241727,0.10614449696151249,3.2705332227166455,
399517,CNB BANK,2024-09-30,13574.0,70068.0,20580.8,13574.0,4668940.0,579204.0,0.12405471049103223,13574.0,9261.36,15435.599999999999,20580.8,0.12416940417722884,0.12400526710447304,0.12386881732700637,0.12391523836906167,True,True,above buffer,3503.4,1062340.0,303.23114688588225,0.008987770738175924,0.009724473257698542,0.007886768537426942,0.1670304908105063,3.27655812582879,
399517,CNB BANK,2024-12-31,13143.0,73156.0,20458.6,13143.0,4710564.0,589236.0,0.12508820599826262,13143.0,9206.369999999999,15343.949999999999,20458.6,0.12519282995628353,0.12502978744993423,0.12489424274413448,0.12494267714297473,True,True,above buffer,3657.8,1209867.0,330.76357373284486,0.01613025945370159,0.012325952978771969,0.008309153257715642,0.21148773410709576,3.438256105911892,
399517,CNB BANK,2025-03-31,13978.0,72834.0,21261.4,13978.0,4719242.0,595694.0,0.12622662707273752,13978.0,9567.630000000001,15946.050000000001,21261.4,0.12634470257848848,0.12617400913988142,0.12603211653109914,0.12608068794481553,True,True,above buffer,3641.7000000000003,1310973.0,359.9892907158744,0.01602518242953212,0.012305050794105023,0.00822185061315496,0.056925863991081384,3.2328659321791386,
399517,CNB BANK,2025-06-30,13867.0,75655.0,21432.5,13867.0,4832250.0,604099.0,0.12501402038387915,13867.0,9644.625,16074.375,21432.5,0.1251233520023614,0.12495693997095175,0.12481860103964706,0.12486739857665709,True,True,above buffer,3782.75,1212253.0,320.46870662877535,0.013341025456118843,0.018461094685223913,0.007023476620927359,0.1095792417246537,3.328838249080551,
399517,CNB BANK,2025-09-30,13701.0,78407.0,21541.7,13701.0,6452590.0,809043.0,0.12538267579375104,13701.0,9693.765000000001,16156.275000000001,21541.7,0.12546059025420603,0.12533498457917477,0.125230505142637,0.12526851316705512,True,True,above buffer,3920.3500000000004,1215816.0,310.129452727435,0.01051018173855923,0.006276914093861762,0.018437521028194605,0.16963865150393648,4.7818407415517115,
399517,CNB BANK,2025-12-31,13276.0,80373.0,21313.3,13276.0,6370809.0,849781.0,0.1333866703585055,13276.0,9590.985,15984.974999999999,21313.3,0.1334638687737129,0.13332997621301915,0.13321860412281764,0.13326058096380927,True,True,above buffer,4018.65,1347437.0,335.29593271372227,0.015516721904188008,0.003163603495028623,0.029626253418413857,0.22034119025914833,4.887541428141006,
408642,BANKERS' BANK,2023-03-31,10320.0,47464.0,15066.400000000001,10320.0,1280752.0,155193.0,0.12117334191162692,10320.0,6779.880000000001,11299.800000000001,15066.400000000001,0.12150920487836366,0.12108071282931421,0.12072593789303823,0.12083747887389962,True,True,above buffer,2373.2000000000003,399202.0,168.21254003033877,0.013275193798449613,0.005232558139534884,0.005529075309818875,0.011439466158245948,1.2699612403100775,
408642,BANKERS' BANK,2023-06-30,10677.0,55203.0,16197.3,10677.0,1297541.0,156639.0,0.12071988476664706,10677.0,7288.785,12147.974999999999,16197.3,0.12103594089935835,0.12058318400028606,0.12020846601767698,0.12033591404070532,True,True,above buffer,2760.15,392217.0,142.09988587576763,0.014610845743186288,0.006368830195747869,0.00801676232121709,0.02295709210166712,1.0673410133932753,
408642,BANKERS' BANK,2023-09-30,10701.0,59930.0,16694.0,10701.0,1299235.0,159322.0,0.12262754620988504,10701.0,7512.3,12520.5,16694.0,0.1229292502899009,0.12245605391626561,0.12206449754372416,0.12220477441739747,True,True,above buffer,2996.5,366149.0,122.19222426163857,0.00859732735258387,0.010185963928604803,0.012312021809867206,0.03473749010641104,1.0611157835716287,
408642,BANKERS' BANK,2023-12-31,10926.0,62726.0,17198.6,10926.0,1330811.0,163449.0,0.1228190930192191,10926.0,7739.37,12898.949999999999,17198.6,0.12311388951078081,0.12263728115873544,0.12224291734637983,0.12238645385944431,True,True,above buffer,3136.3,320273.0,102.11810094697573,0.017938861431447923,0.0054914881933003845,0.017684610075914424,0.04667011732229123,1.0732198425773385,
408642,BANKERS' BANK,2024-03-31,10790.0,62726.0,17062.6,10790.0,1315722.0,165323.0,0.12565192343063353,10790.0,7678.169999999999,12796.949999999999,17062.6,0.12594980884537868,0.12546055089705663,0.1250557301822564,0.1252042474611138,True,True,above buffer,3136.3,334370.0,106.61288779772343,0.009545875810936051,0.00871177015755329,0.0018529956763434219,0.012882731845054266,1.06274328081557,
408642,BANKERS' BANK,2024-06-30,10935.0,71121.0,18047.1,10935.0,1314394.0,167237.0,0.12723506041567445,10935.0,8121.195,13535.324999999999,18047.1,0.12750802477617465,0.12698384254617043,0.12655030498913322,0.1267208019348986,True,True,above buffer,3556.05,299293.0,84.16445213087555,0.012528577960676726,0.010150891632373114,0.004901546522437252,0.026113411645398463,1.0382258802011888,
408642,BANKERS' BANK,2024-09-30,12265.0,92321.0,21497.1,12265.0,1269829.0,170006.0,0.13388101862534246,12265.0,9673.695,16122.824999999999,21497.1,0.13415478459232544,0.1334755111406605,0.132914682496403,0.13315495637243718,True,True,above buffer,4616.05,287284.0,62.235894325234774,0.014023644516918059,0.006930289441500204,0.008953507474946608,0.03983900114999179,0.930207908683245,
408642,BANKERS' BANK,2024-12-31,13063.0,84231.0,21486.1,13063.0,1268990.0,173023.0,0.13634701613093878,13063.0,9668.744999999999,16114.574999999999,21486.1,0.13671269098648872,0.13601992529214307,0.1354479611959514,0.1356716115466521,True,True,above buffer,4211.55,304270.0,72.2465600550866,0.01684146061394779,0.005817959121181964,0.012557246269759197,0.05052444969714877,0.8645793462451198,
408642,BANKERS' BANK,2025-03-31,12306.0,84109.0,20716.9,12306.0,1259083.0,175476.0,0.13936809566962624,12306.0,9322.605000000001,15537.675000000001,20716.9,0.13969911247603647,0.13901129684640637,0.13844326982559838,0.13867332368585547,True,True,above buffer,4205.45,286224.0,68.06025514510932,0.022509345034942306,0.008369900861368438,0.002704530087897228,0.01585155134850875,0.9923614496993337,
408642,BANKERS' BANK,2025-06-30,12192.0,68424.0,19034.4,12192.0,1287935.0,178002.0,0.13820728530554724,12192.0,8565.480000000001,14275.800000000001,19034.4,0.13859754316969083,0.13798403558149694,0.13747691301995232,0.13765878143341087,True,True,above buffer,3421.2000000000003,240008.0,70.15316263299427,0.03526902887139108,0.010088582677165354,0.005758011970603834,0.031214485945904993,0.9203576115485564,
408642,BANKERS' BANK,2025-09-30,12991.0,74171.0,20408.1,12991.0,1283775.0,181106.0,0.14107300734162917,12991.0,9183.645,15306.074999999999,20408.1,0.14149263905807558,0.14081906354809556,0.140262630169438,0.14046435037302968,True,True,above buffer,3708.55,232829.0,62.781680171495594,0.01462550996843969,0.02401662689554307,0.00973217653715579,0.04669935873255375,0.9805249788314987,
408642,BANKERS' BANK,2025-12-31,13542.0,87284.0,22270.4,13542.0,1272345.0,199558.0,0.15684268024788875,13542.0,10021.68,16702.800000000003,22270.4,0.1572778360521802,0.15645401220441332,0.1557740563499328,0.15603984482496674,True,True,above buffer,4364.2,227992.0,52.24141881673617,0.06963520897947127,0.01831339536257569,0.018570624648283626,0.06126899268429938,1.0433466253138384,
450856,UNION BANK AND TRUST COMPANY,2023-03-31,17219.0,87747.0,25993.7,17219.0,6314797.0,717834.0,0.11367491306529727,17219.0,11697.165,19495.275,25993.7,0.11377440058124332,0.11363395179233535,0.11351717574420797,0.11355656902040753,True,True,above buffer,4387.35,1988959.0,453.33948738988227,0.004704105929496487,0.00545908589348975,0.0023136098097055933,0.021227370004048816,4.893315523549568,
450856,UNION BANK AND TRUST COMPANY,2023-06-30,17772.0,88684.0,26640.4,17772.0,6584723.0,740658.0,0.11248126914374379,17772.0,11988.18,19980.300000000003,26640.4,0.11258015612176552,0.11244355926408402,0.11232998150294844,0.11236776524737793,True,True,above buffer,4434.2,1952042.0,440.2241667042533,0.00804636506864731,0.005232950708980419,0.004013566986998304,0.041548897682306386,4.910195813639433,
450856,UNION BANK AND TRUST COMPANY,2023-09-30,17774.0,90380.0,26812.0,17774.0,6710897.0,752600.0,0.1121459620077614,17774.0,12065.4,20109.0,26812.0,0.11224143977818729,0.11210695533835267,0.11199513090528405,0.1120328006317066,True,True,above buffer,4519.0,1941852.0,429.7083425536623,0.009902104197141893,0.006413862945875998,0.004249213619557419,0.062413774074278464,6.121188252503657,
450856,UNION BANK AND TRUST COMPANY,2023-12-31,17811.0,94090.0,27220.0,17811.0,6840553.0,781779.0,0.1142859356546174,17811.0,12249.0,20415.0,27220.0,0.11437893627072808,0.11424244687064757,0.11412895429200921,0.11416815918868624,True,True,above buffer,4704.5,1933373.0,410.9624827293017,0.010274549435741957,0.006344393913873449,0.007955361582233025,0.08319982321418706,5.416821065633597,
450856,UNION BANK AND TRUST COMPANY,2024-03-31,17839.0,96677.0,27506.7,17839.0,6964018.0,806503.0,0.11581001082995478,17839.0,12378.015000000001,20630.025,27506.7,0.11590089701952382,0.11576361532315721,0.11564946209147338,0.11568955752964781,True,True,above buffer,4833.85,1845567.0,381.8006351045233,0.015471719266775043,0.00796008744884803,0.0020525907023188727,0.02063685787196272,5.551768596894445,
450856,UNION BANK AND TRUST COMPANY,2024-06-30,18280.0,96944.0,27974.4,18280.0,6933234.0,835864.0,0.12055903493232739,18280.0,12588.480000000001,20980.800000000003,27974.4,0.12065808364411501,0.12051209016555346,0.12039069854155487,0.12043273855238887,True,True,above buffer,4847.2,1876981.0,387.2299471860043,0.00973741794310722,0.009299781181619256,0.006400867914293463,0.04052074857607811,5.442778993435448,
450856,UNION BANK AND TRUST COMPANY,2024-09-30,18856.0,98787.0,28734.7,18856.0,6973763.0,807159.0,0.11574224704797109,18856.0,12930.615,21551.025,28734.7,0.11584067318997071,0.1156975354983233,0.11557852402422077,0.11561941134089157,True,True,above buffer,4939.35,2156904.0,436.6777005071517,0.014212982605006363,0.007901994060246076,0.009692440978990687,0.06162009963179554,5.273971149766653,
450856,UNION BANK AND TRUST COMPANY,2024-12-31,18883.0,102687.0,29151.7,18883.0,7089840.0,843775.0,0.11901185358202723,18883.0,13118.265000000001,21863.775,29151.7,0.11910870063292588,0.11896183856415009,0.11883972987624823,0.11888271410993963,True,True,above buffer,5134.35,2006787.0,390.8551228490461,0.01466927924588254,0.010644495048456283,0.011574316539226982,0.07981564889494082,5.358205793570937,
450856,UNION BANK AND TRUST COMPANY,2025-03-31,18628.0,103055.0,28933.5,18628.0,7166971.0,834144.0,0.11638724364867668,18628.0,13020.075,21700.125,28933.5,0.11647838424949568,0.1163373755858686,0.11622012890265548,0.11626186258202673,True,True,above buffer,5152.75,1872324.0,363.36402891659793,0.015299549065922267,0.008320807386729655,0.005722615127139233,0.019867192139502242,5.57139789564097,
450856,UNION BANK AND TRUST COMPANY,2025-06-30,19162.0,103862.0,29548.2,19162.0,7404887.0,862594.0,0.11648982624582928,19162.0,13296.69,22161.15,29548.2,0.11658216939218081,0.11644266428149681,0.1163266648085198,0.11636741230308487,True,True,above buffer,5193.1,1843121.0,354.9172941017889,0.008297672476776954,0.01283790836029642,0.011300919842312747,0.03926412614980289,5.638972967331176,
450856,UNION BANK AND TRUST COMPANY,2025-09-30,18785.0,103944.0,29179.4,18785.0,7453364.0,895687.0,0.12017217997135253,18785.0,13130.730000000001,21884.550000000003,29179.4,0.12026341418652468,0.12012222603837446,0.12000482223540354,0.12004661795341791,True,True,above buffer,5197.200000000001,1821628.0,350.50180866620485,0.012509981368112856,0.010327388874101676,0.01697290563687325,0.058393023980068515,5.764812350279478,
450856,UNION BANK AND TRUST COMPANY,2025-12-31,18226.0,104558.0,28681.800000000003,18226.0,7639417.0,945051.0,0.12370721483066051,18226.0,12906.810000000001,21511.350000000002,28681.800000000003,0.12379340997728192,0.12365403710900766,0.12353813255561583,0.12358035977819687,True,True,above buffer,5227.900000000001,1845562.0,353.0216721819468,0.013991001865466915,0.00839460111928015,0.02047318117720792,0.07839348200762522,5.965159662021288,
466240,FIRST ARKANSAS BANK AND TRUST,2023-03-31,53585.0,523172.0,105902.20000000001,53585.0,,107069.0,,,,,,,,,,,,not computable — no RWA reported (community bank leverage ratio),26158.600000000002,248966.0,9.517558279112796,0.0029112624801716897,0.001287673789306709,0.006463960005468002,0.020348780440174196,0.2614537650461883,CBLR filer: steps 2 and 3 do not apply
466240,FIRST ARKANSAS BANK AND TRUST,2023-06-30,44894.0,527074.0,97601.4,44894.0,,108940.0,,,,,,,,,,,,not computable — no RWA reported (community bank leverage ratio),26353.7,233982.0,8.878525596026364,0.0061478148527642894,0.005078629660979195,0.011256256360200204,0.04298976137567236,0.2691896467233929,CBLR filer: steps 2 and 3 do not apply
466240,FIRST ARKANSAS BANK AND TRUST,2023-09-30,41535.0,517053.0,93240.3,41535.0,,105383.0,,,,,,,,,,,,not computable — no RWA reported (community bank leverage ratio),25852.65,217736.0,8.422192695913184,0.02790417719995185,0.04557602022390755,0.023202507367731676,0.07213360153435935,0.28566269411339834,CBLR filer: steps 2 and 3 do not apply
466240,FIRST ARKANSAS BANK AND TRUST,2023-12-31,49016.0,510592.0,100075.20000000001,49016.0,,103491.0,,,,,,,,,,,,not computable — no RWA reported (community bank leverage ratio),25529.600000000002,242385.0,9.494273314113812,0.008160600620205648,0.0037130732821935696,0.031625637613661564,0.08771346196495897,0.24183939937979435,CBLR filer: steps 2 and 3 do not apply
466240,FIRST ARKANSAS BANK AND TRUST,2024-03-31,46115.0,510959.0,97210.9,46115.0,,104008.0,,,,,,,,,,,,not computable — no RWA reported (community bank leverage ratio),25547.95,252798.0,9.89504050227122,0.02042719288734685,0.007004228559037189,0.006107536263496564,0.02152906532882539,0.25592540388160034,CBLR filer: steps 2 and 3 do not apply
466240,FIRST ARKANSAS BANK AND TRUST,2024-06-30,36307.0,506016.0,86908.6,36307.0,,105048.0,,,,,,,,,,,,not computable — no RWA reported (community bank leverage ratio),25300.800000000003,246529.0,9.743921140833491,0.011540474288704658,0.007601839865590657,0.019008859220289352,0.04749733230761595,0.3210675627289503,CBLR filer: steps 2 and 3 do not apply
466240,FIRST ARKANSAS BANK AND TRUST,2024-09-30,35373.0,498471.0,85220.1,35373.0,,107866.0,,,,,,,,,,,,not computable — no RWA reported (community bank leverage ratio),24923.550000000003,254151.0,10.197223108265073,0.013513131484465552,0.004494953778305487,0.033381630159947724,0.0820761953464587,0.3289797303027733,CBLR filer: steps 2 and 3 do not apply
466240,FIRST ARKANSAS BANK AND TRUST,2024-12-31,43282.0,492446.0,92526.6,43282.0,,110152.0,,,,,,,,,,,,not computable — no RWA reported (community bank leverage ratio),24622.300000000003,247988.0,10.071682986560962,0.00938034286770482,0.002472159327202994,0.040267412935323384,0.10310427031509121,0.21302157940945426,CBLR filer: steps 2 and 3 do not apply
466240,FIRST ARKANSAS BANK AND TRUST,2025-03-31,41851.0,482845.0,90135.5,41851.0,,112978.0,,,,,,,,,,,,not computable — no RWA reported (community bank leverage ratio),24142.25,241380.0,9.998239600700018,0.007335547537693245,0.0,0.007716850931216146,0.02347208824911578,0.2203292633389883,CBLR filer: steps 2 and 3 do not apply
466240,FIRST ARKANSAS BANK AND TRUST,2025-06-30,32768.0,483679.0,81135.9,32768.0,,115876.0,,,,,,,,,,,,not computable — no RWA reported (community bank leverage ratio),24183.95,247116.0,10.21818189336316,0.010833740234375,0.0,0.015922669372111373,0.052615263217224664,0.27716064453125,CBLR filer: steps 2 and 3 do not apply
466240,FIRST ARKANSAS BANK AND TRUST,2025-09-30,30939.0,472445.0,78183.5,30939.0,,117993.0,,,,,,,,,,,,not computable — no RWA reported (community bank leverage ratio),23622.25,255042.0,10.79668532845093,0.014124567697727786,0.0,0.027012645549017153,0.08573306623262802,0.29338375513106435,CBLR filer: steps 2 and 3 do not apply
466240,FIRST ARKANSAS BANK AND TRUST,2025-12-31,38770.0,465958.0,85365.8,38770.0,,120200.0,,,,,,,,,,,,not computable — no RWA reported (community bank leverage ratio),23297.9,304085.0,13.052034732744152,0.007170492648955378,0.0,0.03391722479821398,0.1028965596198981,0.23502708279597628,CBLR filer: steps 2 and 3 do not apply
474759,"SUNFLOWER BANK, NATIONAL ASSOCIATION",2023-03-31,4895.0,71461.0,12041.1,4895.0,7049995.0,757141.0,0.10739596269217212,4895.0,5418.495,9030.825,12041.1,0.10738798863330973,0.1073329966204589,0.10728721294803076,0.10731437973122704,True,True,above buffer,3573.05,959469.0,268.52940764892736,0.0,0.0,0.004869141813755326,0.01683911543923717,15.21123595505618,
474759,"SUNFLOWER BANK, NATIONAL ASSOCIATION",2023-06-30,4719.0,74167.0,12135.7,4719.0,7142891.0,783362.0,0.10967016016344082,4719.0,5461.0650000000005,9101.775000000001,12135.7,0.10965876786673952,0.10960290939743664,0.109556404125098,0.10958482100504388,True,True,above buffer,3708.3500000000004,1046574.0,282.22093383849955,0.0,0.0,0.016475495307612095,0.033785192909280504,16.393727484636575,
474759,"SUNFLOWER BANK, NATIONAL ASSOCIATION",2023-09-30,4739.0,81299.0,12868.900000000001,4739.0,7142792.0,811628.0,0.11362895629608143,4739.0,5791.005000000001,9651.675000000001,12868.900000000001,0.11361222325570644,0.11355085819910432,0.11349977126725436,0.11353203997836349,True,True,above buffer,4064.9500000000003,977289.0,240.41845533155387,0.0,0.0,0.021899304134261156,0.04871060171919771,16.59970457902511,
474759,"SUNFLOWER BANK, NATIONAL ASSOCIATION",2023-12-31,4703.0,84624.0,13165.4,4703.0,7178503.0,838199.0,0.1167651528459346,4703.0,5924.43,9874.05,13165.4,0.11674528850963156,0.11668110136483713,0.11662766596872721,0.11666200732546977,True,True,above buffer,4231.2,1033102.0,244.16288523350352,0.0,0.0,0.027305187985717287,0.06637261079605125,17.095045715500746,
474759,"SUNFLOWER BANK, NATIONAL ASSOCIATION",2024-03-31,4406.0,86897.0,13095.7,4406.0,7087451.0,854122.0,0.12051187373288366,4406.0,5893.0650000000005,9821.775000000001,13095.7,0.1204865936432751,0.12041985661009401,0.12036429886459268,0.12040115868716653,True,True,above buffer,4344.85,919323.0,211.58912275452545,0.0,0.0,0.006888888888888889,0.017333333333333333,18.118247843849296,
474759,"SUNFLOWER BANK, NATIONAL ASSOCIATION",2024-06-30,4402.0,88604.0,13262.4,4402.0,7152792.0,881995.0,0.1233077936559598,4402.0,5968.08,9946.8,13262.4,0.12328080173476584,0.12321228026040909,0.12315523719079133,0.12319334090683356,True,True,above buffer,4430.2,1063725.0,240.1076700826148,0.0,0.0,0.018923848609211126,0.034655722754217966,17.937301226715128,
474759,"SUNFLOWER BANK, NATIONAL ASSOCIATION",2024-09-30,4251.0,94628.0,13713.800000000001,4251.0,7219313.0,907820.0,0.12574880740037175,4251.0,6171.210000000001,10285.35,13713.800000000001,0.12571536932817048,0.12564378652328737,0.12558419642783775,0.12562530875461939,True,True,above buffer,4731.400000000001,1106370.0,233.83565118146845,0.0,0.0,0.024123352399900523,0.05595622979358369,19.562220653963774,
474759,"SUNFLOWER BANK, NATIONAL ASSOCIATION",2024-12-31,4388.0,101996.0,14587.6,4388.0,7307423.0,930890.0,0.1273896420119651,4388.0,6564.42,10940.7,14587.6,0.12735171197657777,0.1272755117302345,0.12721208114777607,0.1272564249429811,True,True,above buffer,5099.8,1120235.0,219.66253578571707,0.0,0.0,0.028054067839836775,0.07600102014792146,20.105059252506837,
474759,"SUNFLOWER BANK, NATIONAL ASSOCIATION",2025-03-31,3773.0,106312.0,14404.2,3773.0,7428473.0,954734.0,0.1285235875529197,3773.0,6481.89,10803.150000000001,14404.2,0.1284767368276596,0.12840207054447955,0.12833991490534571,0.12838578383352564,True,True,above buffer,5315.6,1136906.0,213.8810294228309,0.0,0.0,0.019791930981984267,0.01750824663790916,24.328120858733104,
474759,"SUNFLOWER BANK, NATIONAL ASSOCIATION",2025-06-30,4103.0,114900.0,15593.0,4103.0,7355795.0,986046.0,0.13405022842534356,4103.0,7016.85,11694.75,15593.0,0.13399714815459782,0.1339120208510031,0.1338411640108941,0.13389336895509316,True,True,above buffer,5745.0,1293164.0,225.09382071366406,0.0,0.0,0.017020226936359153,0.03330044400592008,20.227394589324884,
474759,"SUNFLOWER BANK, NATIONAL ASSOCIATION",2025-09-30,4079.0,124267.0,16505.7,4079.0,7528507.0,1012856.0,0.13453610390479812,4079.0,7427.5650000000005,12379.275000000001,16505.7,0.13447629090322313,0.1343879394872811,0.13431440194203006,0.13436975890276548,True,True,above buffer,6213.35,1170260.0,188.34606130348362,0.0,0.0,0.023396044380125422,0.04848046309696093,20.6030889924001,
474759,"SUNFLOWER BANK, NATIONAL ASSOCIATION",2025-12-31,4286.0,111354.0,15421.400000000001,4286.0,7538323.0,1034444.0,0.13722468511895816,4286.0,6939.630000000001,11566.050000000001,15421.400000000001,0.1371763964742588,0.13709228979385552,0.13702227963796715,0.1370728250100569,True,True,above buffer,5567.700000000001,1155401.0,207.51854446180647,0.0,0.0,0.0340455505987321,0.06245597558112233,19.83574428371442,
526452,1ST FINANCIAL BANK USA,2023-03-31,375352.0,1706259.0,545977.9,375352.0,936045.0,208496.0,0.22274142802963534,375352.0,245690.05500000002,409483.42500000005,545977.9,0.2585570203977066,0.21490524262120675,0.18839927931600986,0.19595223062882816,True,True,above buffer,85312.95000000001,122017.0,1.430228353374253,0.02030360834629894,0.02036754832796948,0.012030762202086348,0.06427084181201868,0.046929282380272386,
526452,1ST FINANCIAL BANK USA,2023-06-30,377321.0,1703399.0,547660.9,377321.0,921203.0,223073.0,0.24215400948542287,377321.0,246447.40500000003,410745.67500000005,547660.9,0.2822531954255201,0.23367539601237727,0.20436484905907043,0.21266153263487664,True,True,above buffer,85169.95000000001,147414.0,1.7308217276163715,0.02011549847477347,0.020163203214239336,0.02518605749083637,0.13147620638987464,0.04940885877011881,
526452,1ST FINANCIAL BANK USA,2023-09-30,380253.0,1700882.0,550341.2,380253.0,936460.0,227482.0,0.24291694252824467,380253.0,247653.53999999998,412755.89999999997,550341.2,0.28298689720483106,0.23476853448155757,0.2055780308530618,0.21379361776024022,True,True,above buffer,85044.1,250264.0,2.942755582103873,0.02225623466481527,0.022724344055142235,0.038303229740527356,0.19774801295260525,0.05043747189371287,
526452,1ST FINANCIAL BANK USA,2023-12-31,387909.0,1674772.0,555386.2,387909.0,1032673.0,230593.0,0.2232972102495175,387909.0,249923.78999999998,416539.64999999997,555386.2,0.2577357180654047,0.2172733505627725,0.1921367842125094,0.19908210521299283,True,True,above buffer,83738.6,157821.0,1.8846863931329159,0.021976803838013554,0.021948446671770958,0.05284363337092376,0.262428931954381,0.04783080567865144,
526452,1ST FINANCIAL BANK USA,2024-03-31,377168.0,1682437.0,545411.7,377168.0,1033227.0,234809.0,0.2272579017002072,377168.0,245435.26499999998,409058.77499999997,545411.7,0.2604664379090642,0.2204535550070977,0.1954346452227258,0.20252459920824803,True,True,above buffer,84121.85,191820.0,2.2802636889226755,0.019659674203537945,0.024437385992448987,0.016038016813923476,0.06579531739023664,0.050470877699062486,
526452,1ST FINANCIAL BANK USA,2024-06-30,376193.0,1681174.0,544310.4,376193.0,1056693.0,219890.0,0.2080926058940487,376193.0,244939.68000000002,408232.80000000005,544310.4,0.23760597773374056,0.20196874752005267,0.1795298276369959,0.18590930248671128,True,True,above buffer,84058.70000000001,157648.0,1.8754513215169872,0.02099454269484015,0.021741499708926002,0.03205581207525916,0.13313815401454812,0.05169952657279641,
526452,1ST FINANCIAL BANK USA,2024-09-30,376434.0,1680633.0,544497.3,376434.0,1053584.0,220068.0,0.20887560934866134,376434.0,245023.78500000003,408372.97500000003,544497.3,0.23864048575182603,0.20272993300763623,0.18014037275734165,0.18655656844015625,True,True,above buffer,84031.65000000001,206266.0,2.4546227522606063,0.023770435189169947,0.02441331016858201,0.04568086724486524,0.19982563947649445,0.05076852781629715,
526452,1ST FINANCIAL BANK USA,2024-12-31,380626.0,1657393.0,546365.3,380626.0,1038380.0,217491.0,0.20945222365607966,380626.0,245864.38500000004,409773.97500000003,546365.3,0.24068899394958637,0.203733302633123,0.1806224682222102,0.1870593481520427,True,True,above buffer,82869.65000000001,222072.0,2.679774802958622,0.023671530583827694,0.025507978960974814,0.06042857105012888,0.26580518004593534,0.04962088769553315,
526452,1ST FINANCIAL BANK USA,2025-03-31,367156.0,1671068.0,534262.8,367156.0,1028745.0,222382.0,0.21616824383107572,367156.0,240418.26000000004,400697.10000000003,534262.8,0.2465412528941286,0.20934285029240238,0.18596117010485747,0.19269283255483113,True,True,above buffer,83553.40000000001,261728.0,3.1324637896243597,0.02182451056226781,0.027094749915567224,0.01597436378750905,0.06350593977099032,0.050844872479273114,
526452,1ST FINANCIAL BANK USA,2025-06-30,363911.0,1685043.0,532415.3,363911.0,1056402.0,223371.0,0.21144507488626488,363911.0,239586.88500000004,399311.47500000003,532415.3,0.23964842809246567,0.2045892046544408,0.18235762196667613,0.1888524979355315,True,True,above buffer,84252.15000000001,191104.0,2.2682388520649024,0.02153273740007859,0.024390579015198772,0.03253630879384964,0.12932584702188152,0.05163899964551772,
526452,1ST FINANCIAL BANK USA,2025-09-30,360601.0,1677377.0,528338.7,360601.0,1068501.0,224062.0,0.2096975108118757,360601.0,237752.41499999998,396254.02499999997,528338.7,0.23693906603093695,0.20292639878752425,0.18124493271404626,0.18760880680930328,True,True,above buffer,83868.85,200652.0,2.392449640122644,0.02236266677019753,0.02386293992529139,0.047555861481770205,0.19521317620520645,0.04781462059173435,
526452,1ST FINANCIAL BANK USA,2025-12-31,361070.0,1655048.0,526574.8,361070.0,1073055.0,225349.0,0.21000694279417179,361070.0,236958.66000000003,394931.10000000003,526574.8,0.23747352925040882,0.2035827286277614,0.18194438411451752,0.18823261528139876,True,True,above buffer,82752.40000000001,241428.0,2.917474296817977,0.024155980834741186,0.026415930429002685,0.061320820629193765,0.2620373760211054,0.0474810978480627,
529958,"TIB, NATIONAL ASSOCIATION",2023-03-31,64729.0,832352.0,147964.2,64729.0,2079544.0,348983.0,0.16781707912888594,64729.0,66583.89000000001,110973.15000000001,147964.2,0.16766752479626815,0.16416640576343414,0.16135858898587518,0.16292615434835142,True,True,above buffer,41617.600000000006,1241838.0,29.83925070162623,0.003754113303156236,0.00013904123345023097,0.005395993788332732,0.027183887311571585,0.3772034173245377,
529958,"TIB, NATIONAL ASSOCIATION",2023-06-30,65582.0,831808.0,148762.8,65582.0,2173022.0,349356.0,0.1607696562667106,65582.0,66943.26,111572.09999999999,148762.8,0.1606690073579761,0.15743762731172128,0.15484246362959928,0.15628290786879315,True,True,above buffer,41590.4,1293172.0,31.093040701700392,0.00519959745051996,0.0012198469092128937,0.009145925285525778,0.052084755274453595,0.37133664725077004,
529958,"TIB, NATIONAL ASSOCIATION",2023-09-30,64733.0,799925.0,144725.5,64733.0,2194872.0,354133.0,0.1613456274443339,64733.0,65126.475,108544.125,144725.5,0.1613167081762628,0.15818808657880065,0.15567212904329028,0.15705276548815447,True,True,above buffer,39996.25,1234493.0,30.865218614245084,0.007090664730508396,0.001374878346438447,0.013934363816340516,0.07906799664966116,0.36409559266525576,
529958,"TIB, NATIONAL ASSOCIATION",2023-12-31,70156.0,820479.0,152203.90000000002,70156.0,2210740.0,366584.0,0.16581958982060305,70156.0,68491.75500000002,114152.92500000002,152203.90000000002,0.16594451284446785,0.16258393426541326,0.15988570072268787,0.16132899880986065,True,True,above buffer,41023.950000000004,1236681.0,30.145341928312604,0.0064570385996921146,0.0018530132846798562,0.017757469244288226,0.09851669595782074,0.332116996408005,
529958,"TIB, NATIONAL ASSOCIATION",2024-03-31,63229.0,792887.0,142517.7,63229.0,2179409.0,370816.0,0.17014520909108846,63229.0,64132.965000000004,106888.27500000001,142517.7,0.17007466632204338,0.16680369387215516,0.16417247868096735,0.16562600102567115,True,True,above buffer,39644.350000000006,1154403.0,29.11897912312851,0.006405288712457891,0.002989134732480349,0.005847213881601821,0.02876197098517652,0.3921618244792737,
529958,"TIB, NATIONAL ASSOCIATION",2024-06-30,63692.0,819319.0,145623.90000000002,63692.0,2185688.0,378350.0,0.17310338895578875,63692.0,65530.75500000001,109217.92500000002,145623.90000000002,0.172957884576822,0.16957136909227566,0.16684895030247354,0.16836980238754257,True,True,above buffer,40965.950000000004,1096473.0,26.76547230077662,0.007630471644790555,0.0025591911072034164,0.012146626023179166,0.055224596530861716,0.3762795955536017,
529958,"TIB, NATIONAL ASSOCIATION",2024-09-30,66025.0,841769.0,150201.90000000002,66025.0,2269017.0,386523.0,0.17034821687100626,66025.0,67590.85500000001,112651.42500000002,150201.90000000002,0.17023074015944686,0.16691818603289496,0.16425463282052533,0.1657367895994926,True,True,above buffer,42088.450000000004,1027894.0,24.42223460355513,0.006997349488829989,0.00458917076864824,0.01673201000216096,0.08237890902355448,0.3522756531616812,
529958,"TIB, NATIONAL ASSOCIATION",2024-12-31,69151.0,874956.0,156646.6,69151.0,2293959.0,390344.0,0.17016171605508207,69151.0,70490.97,117484.95000000001,156646.6,0.17006237753855655,0.16665037565006546,0.16390990615567477,0.16542939175591662,True,True,above buffer,43747.8,1032278.0,23.596112261645157,0.007490853349915403,0.0039044988503420053,0.02360501949317739,0.10736476608187134,0.3353530679238189,
529958,"TIB, NATIONAL ASSOCIATION",2025-03-31,65080.0,925647.0,157644.7,65080.0,2246800.0,392599.0,0.17473695923090618,65080.0,70940.115,118233.52500000001,157644.7,0.17428239501634712,0.1706986666176222,0.16782291363120935,0.16949961683857778,True,True,above buffer,46282.350000000006,1063177.0,22.971543147657798,0.0047019053472649045,0.002473878303626306,0.006303394874092087,0.02721338751479858,0.3591118623232944,
529958,"TIB, NATIONAL ASSOCIATION",2025-06-30,70010.0,1017415.0,171751.5,70010.0,2325236.0,399414.0,0.17177353180494367,70010.0,77288.175,128813.625,171751.5,0.17123754456926293,0.1675366448659594,0.16457260110569627,0.16631563354317594,True,True,above buffer,50870.75,974828.0,19.162839156096577,0.00867018997286102,0.00384230824167976,0.014066147270136721,0.05105041379937551,0.3438080274246536,
529958,"TIB, NATIONAL ASSOCIATION",2025-09-30,68072.0,892140.0,157286.0,68072.0,2158194.0,408337.0,0.18920310222343312,68072.0,70778.7,117964.5,157286.0,0.18896611028910304,0.18492799081920025,0.18169242077984948,0.18351362823633677,True,True,above buffer,44607.0,1001573.0,22.45326966619589,0.008138441650017628,0.0024973557409801385,0.02118260921124798,0.07506559345399565,0.37805558820072865,
529958,"TIB, NATIONAL ASSOCIATION",2025-12-31,70332.0,887672.0,159099.2,70332.0,2106553.0,415898.0,0.19743058921375348,70332.0,71594.64000000001,119324.40000000001,159099.2,0.19731232281775837,0.19294328015545395,0.1894475348060843,0.19138215671011433,True,True,above buffer,44383.600000000006,1060208.0,23.887381825719405,0.0165358584996872,0.004450321333105841,0.027215474583895637,0.09533850652271705,0.35821532161747144,
577128,PEOPLES BANK,2023-03-31,0.0,0.0,,,,,,,,,,,,,,,,,,,,,,,,,no credit-card exposure reported
577128,PEOPLES BANK,2023-06-30,20.0,127.0,32.7,20.0,6399332.0,724573.0,0.11322634925020299,20.0,14.715000000000002,24.525000000000002,32.7,0.11322644276023654,0.11322626918733579,0.11322612454365835,0.11322618072021089,True,True,above buffer,6.3500000000000005,1959844.0,308636.85039370076,0.0,0.0,0.0,0.0,3060.55,
577128,PEOPLES BANK,2023-09-30,1364.0,18026.0,3166.6000000000004,1364.0,6489563.0,763293.0,0.11761855151109558,1364.0,1424.9700000000003,2374.9500000000003,3166.6000000000004,0.11761744648511585,0.11760023164053157,0.1175858897856562,0.11759405351629203,True,True,above buffer,901.3000000000001,1982763.0,2199.892377676689,0.11363636363636363,0.0,0.0,0.005272407732864675,46.131964809384165,
577128,PEOPLES BANK,2023-12-31,1038.0,21787.0,3216.7000000000003,1038.0,6614172.0,783790.0,0.11850160534077432,1038.0,1447.515,2412.525,3216.7000000000003,0.11849426879426703,0.11847698403118705,0.11846258391351595,0.11847233686087402,True,True,above buffer,1089.3500000000001,2156058.0,1979.2151282875107,0.05876685934489403,0.005780346820809248,0.0,0.020134228187919462,59.74084778420038,
577128,PEOPLES BANK,2024-03-31,1478.0,31719.0,4649.9,1478.0,6656746.0,795020.0,0.11943072486166664,1478.0,2092.455,3487.4249999999997,4649.9,0.1194197017532529,0.11939468402986134,0.11937384393282084,0.11938805908495552,True,True,above buffer,1585.95,2225301.0,1403.134398940698,0.018267929634641408,0.022327469553450607,0.0,0.015767634854771784,43.85791610284168,
577128,PEOPLES BANK,2024-06-30,2106.0,53200.0,7426.0,2106.0,6802344.0,809075.0,0.11894061811634342,2106.0,3341.7000000000003,5569.5,7426.0,0.11891901552942784,0.11888008880650827,0.11884766933268152,0.11887089290651913,True,True,above buffer,2660.0,2055063.0,772.5800751879699,0.045584045584045586,0.010446343779677113,0.0,0.03553581343697946,31.45631528964862,
577128,PEOPLES BANK,2024-09-30,2574.0,55541.0,8128.1,2574.0,6942753.0,829013.0,0.1194069557133892,2574.0,3657.6450000000004,6096.075000000001,8128.1,0.11938832123836635,0.11934641099711991,0.11931150826652438,0.1193353558199723,True,True,above buffer,2777.05,2056361.0,740.4839667993014,0.05555555555555555,0.02097902097902098,0.0,0.06004228329809725,25.88927738927739,
577128,PEOPLES BANK,2024-12-31,3436.0,61070.0,9543.0,3436.0,6960276.0,840443.0,0.12074851629446878,3436.0,4294.35,7157.25,9543.0,0.12073362727153801,0.12068399366470169,0.12064266348835544,0.1206691092870725,True,True,above buffer,3053.5,2074625.0,679.4252497134436,0.0689755529685681,0.02270081490104773,0.04606590450571621,0.07700067249495629,18.436554132712455,
577128,PEOPLES BANK,2025-03-31,3699.0,66268.0,10325.8,3699.0,6975046.0,851503.0,0.12207847804874691,3699.0,4646.61,7744.349999999999,10325.8,0.12206189506529665,0.12200771666357399,0.12196260472132123,0.1219915524263619,True,True,above buffer,3313.4,2012720.0,607.4485422828515,0.0640713706407137,0.024060556907272237,0.018399776972400333,0.03094507945358238,17.635036496350367,
577128,PEOPLES BANK,2025-06-30,4382.0,106486.0,15030.6,4382.0,7160695.0,859394.0,0.12001544542813232,4382.0,6763.77,11272.95,15030.6,0.11997553950549103,0.11990006202855509,0.11983723663721817,0.11988173920044948,True,True,above buffer,5324.3,2136661.0,401.30364554964973,0.05796439981743496,0.021451392058420813,0.03652517275419546,0.05873642645607108,17.042446371519855,
577128,PEOPLES BANK,2025-09-30,4857.0,76255.0,12482.5,4857.0,7224077.0,875926.0,0.12125092243618112,4857.0,5617.125,9361.875,12482.5,0.12123816562854349,0.12117535847928679,0.12112306887624318,0.12115500698161112,True,True,above buffer,3812.75,2093584.0,549.1007802767032,0.05517809347333745,0.021618282890673256,0.06032085561497326,0.08213903743315508,15.413629812641549,
577128,PEOPLES BANK,2025-12-31,6299.0,86635.0,14962.5,6299.0,7263855.0,870013.0,0.11977290295579963,6299.0,6733.125,11221.875,14962.5,0.11976574514440186,0.11969178518885473,0.11963022163504981,0.11966586008611928,True,True,above buffer,4331.75,2092420.0,483.0426501991112,0.052230512779806317,0.02032068582314653,0.0683898761443188,0.0996230479267636,12.013970471503413,
58243,JOHNSON BANK,2023-03-31,16595.0,87805.0,25375.5,16595.0,4674730.0,803408.0,0.1718619043238861,16595.0,11418.975,19031.625,25375.5,0.17205240678259856,0.1717723708421442,0.17153970296426152,0.1716201399911024,True,True,above buffer,4390.25,1279508.0,291.44308410682765,0.00476047002109069,0.005845134076529075,0.005241911188769054,0.015062963186117974,5.049894546550166,
58243,JOHNSON BANK,2023-06-30,17083.0,89068.0,25989.800000000003,17083.0,4932997.0,777486.0,0.15760925863121344,17083.0,11695.410000000002,19492.350000000002,25989.800000000003,0.15778158033836534,0.15753231747574342,0.15732519924811164,0.1573961180580002,True,True,above buffer,4453.400000000001,1171526.0,263.06327749584585,0.005385470936018264,0.004390329567406193,0.010419133317546767,0.03060620412029363,4.9333255283029915,
58243,JOHNSON BANK,2023-09-30,17182.0,89676.0,26149.6,17182.0,4951472.0,787099.0,0.15896262767920327,17182.0,11767.32,19612.199999999997,26149.6,0.15913665149355768,0.15888464653177853,0.15867525128216461,0.15874699792628277,True,True,above buffer,4483.8,1195356.0,266.59440653017526,0.007275055290420207,0.006285647770923059,0.014552042545730816,0.047104201975337504,4.900651844954021,
58243,JOHNSON BANK,2023-12-31,17689.0,90500.0,26739.0,17689.0,4840900.0,803538.0,0.16598938213968478,17689.0,12032.550000000001,20054.25,26739.0,0.1661835627700698,0.1659083198055279,0.1656796461819194,0.16575697175199516,True,True,above buffer,4525.0,1207173.0,266.7785635359116,0.009553960088190401,0.008479846232121658,0.02007637121036797,0.063526961351539,4.585448583865679,
58243,JOHNSON BANK,2024-03-31,17478.0,90840.0,26562.0,17478.0,4949737.0,818469.0,0.16535605831178504,17478.0,11952.9,19921.5,26562.0,0.1655408418073667,0.1652744684891837,0.1650531446890299,0.16512876900263287,True,True,above buffer,4542.0,1181264.0,260.07573756054603,0.010012587252546059,0.0067513445474310565,0.006549347912751296,0.017256107978814283,4.6583705229431285,
58243,JOHNSON BANK,2024-06-30,17821.0,89640.0,26785.0,17821.0,5119001.0,795514.0,0.15540415014570225,17821.0,12053.25,20088.75,26785.0,0.15557944672287344,0.15533533560409224,0.15513249407903526,0.15520031901834747,True,True,above buffer,4482.0,1186478.0,264.7206604194556,0.007350878177431121,0.007743673194545761,0.010317997293640054,0.034280559314388816,4.5728073621008924,
58243,JOHNSON BANK,2024-09-30,17701.0,90650.0,26766.0,17701.0,5272670.0,808913.0,0.15341620090011324,17701.0,12044.7,20074.5,26766.0,0.1535809561307957,0.15334717144986576,0.15315289388808792,0.1532186358712702,True,True,above buffer,4532.5,1224299.0,270.11560948703806,0.007796169707926106,0.005423422405513812,0.015966386554621848,0.05204481792717087,4.888593864753404,
58243,JOHNSON BANK,2024-12-31,18093.0,88588.0,26951.800000000003,18093.0,5302024.0,821589.0,0.15495761618581885,18093.0,12128.310000000001,20213.850000000002,26951.800000000003,0.15513213729473888,0.15489565674285838,0.15469913966092416,0.1547636779176306,True,True,above buffer,4429.400000000001,1278740.0,288.6937282701946,0.0082352290941248,0.006853479246117283,0.020089786756453423,0.06936026936026936,4.468357928480628,
58243,JOHNSON BANK,2025-03-31,18049.0,90155.0,27064.5,18049.0,5382289.0,839407.0,0.15595725164516436,18049.0,12179.025,20298.375,27064.5,0.1561275257930626,0.15589210096399397,0.15569645528276135,0.15576157256826662,True,True,above buffer,4507.75,1256529.0,278.74859963396375,0.006980996177073522,0.007036400908637597,0.005502526670409882,0.01729365524985963,4.479417142223946,
58243,JOHNSON BANK,2025-06-30,17464.0,90092.0,26473.2,17464.0,5560676.0,812754.0,0.14616100632369158,17464.0,11912.94,19854.9,26473.2,0.1463070603772955,0.14609818911219635,0.14592458475031947,0.14598361841056046,True,True,above buffer,4504.6,1277183.0,283.5286151933579,0.00647045350435181,0.006642235455794778,0.009668508287292817,0.03397790055248619,4.559894640403115,
58243,JOHNSON BANK,2025-09-30,17612.0,92180.0,26830.0,17612.0,5608263.0,834692.0,0.14883253513610187,17612.0,12073.5,20122.5,26830.0,0.14897966159142753,0.14876594109528748,0.14858830853188468,0.14864929000896054,True,True,above buffer,4609.0,1251764.0,271.5912345411152,0.0053372700431523964,0.006018623665682489,0.013823042211686754,0.053635688581710174,4.514194867136044,
58243,JOHNSON BANK,2025-12-31,18139.0,91313.0,27270.300000000003,18139.0,5476737.0,856461.0,0.15638161920136023,18139.0,12271.635000000002,20452.725000000002,27270.300000000003,0.15654933440942795,0.15631558147328523,0.15612131993762957,0.15618631348132675,True,True,above buffer,4565.650000000001,1514875.0,331.7983200639558,0.011081095981035339,0.005568112905893379,0.01709066457469461,0.0705480219657066,4.230828601356194,
592448,EVOLVE BANK & TRUST,2023-03-31,45497.0,148791.0,60376.1,45497.0,1124692.0,136439.0,0.12131232372951883,45497.0,27169.245,45282.075,60376.1,0.1233219535217355,0.12133551055276072,0.11972837851012542,0.12012047439395293,True,True,above buffer,7439.55,679226.0,91.29933934176125,0.0,0.0,0.0,0.022851006443234605,0.25280787744246874,
592448,EVOLVE BANK & TRUST,2023-06-30,47710.0,153255.0,63035.5,47710.0,1156098.0,144491.0,0.12498161920529229,47710.0,28365.975000000002,47276.625,63035.5,0.1271084185124578,0.1250284873952943,0.12334650960988916,0.12375126288214731,True,True,above buffer,7662.75,361899.0,47.22834491533718,0.0,0.0,0.0,0.050557515878616795,0.2581639069377489,
592448,EVOLVE BANK & TRUST,2023-09-30,47307.0,155046.0,62811.6,47307.0,1062622.0,150957.0,0.14206086454073039,47307.0,28265.22,47108.7,62811.6,0.14465299083572128,0.14208738001608964,0.14001787916187208,0.140523096825326,True,True,above buffer,7752.3,414085.0,53.41447054422559,0.0,0.0,0.0,0.06228455961012718,0.26338596824994187,
592448,EVOLVE BANK & TRUST,2023-12-31,53009.0,154083.0,68417.3,53009.0,1148855.0,154180.0,0.1342031849101932,53009.0,30787.785000000003,51312.975000000006,68417.3,0.1368501478055711,0.1344015985229946,0.13242708930187871,0.13286669128868517,True,True,above buffer,7704.150000000001,295023.0,38.29403633106832,0.0,0.0,0.0,0.08966874385044277,0.312701616706597,
592448,EVOLVE BANK & TRUST,2024-03-31,60269.0,158167.0,76085.7,60269.0,1127872.0,156336.0,0.13861147364239915,60269.0,34238.565,57064.274999999994,76085.7,0.14188609775308306,0.13900644526177755,0.13669453934449122,0.13716878498525786,True,True,above buffer,7908.35,371089.0,46.92369457598614,0.0,0.0,0.0,0.020572450805008944,0.28321359239409977,
592448,EVOLVE BANK & TRUST,2024-06-30,46281.0,133203.0,59601.3,46281.0,1081064.0,159854.0,0.1478672863031236,46281.0,26820.585000000003,44700.975000000006,59601.3,0.15057786377011906,0.14808371750029914,0.14606751942621984,0.1465133412594594,True,True,above buffer,6660.150000000001,564923.0,84.82136288221736,0.0,0.0,0.0,0.04081303436038071,0.3534711868801452,
592448,EVOLVE BANK & TRUST,2024-09-30,52366.0,124716.0,64837.6,52366.0,1131929.0,161789.0,0.14293210969945994,52366.0,29176.92,48628.2,64837.6,0.1459215070022914,0.1434056567716536,0.14137444527729187,0.14176066981476193,True,True,above buffer,6235.8,483605.0,77.5530004169473,0.0,0.0,0.0,0.05100742104129545,0.32662414543787954,
592448,EVOLVE BANK & TRUST,2024-12-31,52611.0,134128.0,66023.8,52611.0,1073380.0,162855.0,0.1517216642754663,52611.0,29710.710000000003,49517.850000000006,66023.8,0.15502917233879748,0.15216014286263535,0.14984917088151484,0.1503129477637701,True,True,above buffer,6706.400000000001,676987.0,100.94640939997613,0.0,0.0,0.0,0.08549162830174122,0.31440193115508164,
592448,EVOLVE BANK & TRUST,2025-03-31,52250.0,43433.0,56593.3,52250.0,1074764.0,158353.0,0.14733746199165584,52250.0,25466.985,42444.975000000006,56593.3,0.15110293246398931,0.14869399077086512,0.14674444330049477,0.14689224998973233,True,True,above buffer,2171.65,471787.0,217.2481753505399,0.0,0.0,0.0,0.0177349885989359,0.296,
592448,EVOLVE BANK & TRUST,2025-06-30,47020.0,48909.0,51910.9,47020.0,1050638.0,151329.0,0.1440353385276375,47020.0,23359.905000000002,38933.175,51910.9,0.14735370572553846,0.14515258687421267,0.14336793620714697,0.14353420627551575,True,True,above buffer,2445.4500000000003,366442.0,149.8464495287166,0.0,0.0,0.0,0.03690558787425949,0.32662696724797957,
592448,EVOLVE BANK & TRUST,2025-09-30,45969.0,60773.0,52046.3,45969.0,971778.0,144631.0,0.14883131744081468,45969.0,23420.835000000003,39034.725000000006,52046.3,0.15236668156348035,0.1499009593496605,0.14790634156198773,0.14813650598094574,True,True,above buffer,3038.65,336373.0,110.69817188554127,0.0,0.0,0.0,0.06625216888374783,0.3206508734146925,
592448,EVOLVE BANK & TRUST,2025-12-31,56621.0,82147.0,64835.7,56621.0,892916.0,158346.0,0.17733583002208494,56621.0,29176.065,48626.774999999994,64835.7,0.18295932285153868,0.17893785018455444,0.17571923806391238,0.1761206165845468,True,True,above buffer,4107.35,322358.0,78.48320693391115,0.0,0.0,0.0,0.06477185243752731,0.24464421327775915,
639567,"CREDIT ONE BANK, NATIONAL ASSOCIATION",2023-03-31,774971.0,6776067.0,1452577.7000000002,774971.0,,525227.0,,,,,,,,,,,,not computable — no RWA reported (community bank leverage ratio),338803.35000000003,346387.0,1.0223836334558083,0.03260896214180918,0.03496905045479121,0.026115017707428474,0.07570236845863484,0.14895654159962116,CBLR filer: steps 2 and 3 do not apply
639567,"CREDIT ONE BANK, NATIONAL ASSOCIATION",2023-06-30,844771.0,6801036.0,1524874.6,844771.0,,441183.0,,,,,,,,,,,,not computable — no RWA reported (community bank leverage ratio),340051.80000000005,257720.0,0.7578845340621634,0.03427556106921284,0.030794144211863335,0.053833290128445586,0.1482410527760411,0.146199384211816,CBLR filer: steps 2 and 3 do not apply
639567,"CREDIT ONE BANK, NATIONAL ASSOCIATION",2023-09-30,955625.0,6664379.0,1622062.9,955625.0,,478757.0,,,,,,,,,,,,not computable — no RWA reported (community bank leverage ratio),333218.95,314125.0,0.9426984869858092,0.03724473512099411,0.03305794637017659,0.07245083416414426,0.20736478762899113,0.14151994767822107,CBLR filer: steps 2 and 3 do not apply
639567,"CREDIT ONE BANK, NATIONAL ASSOCIATION",2023-12-31,1067382.0,6424780.0,1709860.0,1067382.0,,589348.0,,,,,,,,,,,,not computable — no RWA reported (community bank leverage ratio),321239.0,374624.0,1.1661846786971695,0.03971961303450873,0.0361857329428452,0.0929882024686865,0.26277257149789224,0.1440777528569903,CBLR filer: steps 2 and 3 do not apply
639567,"CREDIT ONE BANK, NATIONAL ASSOCIATION",2024-03-31,1073511.0,6892662.0,1762777.2000000002,1073511.0,,561992.0,,,,,,,,,,,,not computable — no RWA reported (community bank leverage ratio),344633.10000000003,347606.0,1.008626275305535,0.036295855375492195,0.040015426017991435,0.031501383036084026,0.07504498776162315,0.14997796948517528,CBLR filer: steps 2 and 3 do not apply
639567,"CREDIT ONE BANK, NATIONAL ASSOCIATION",2024-06-30,1133552.0,6822203.0,1815772.3,1133552.0,,468395.0,,,,,,,,,,,,not computable — no RWA reported (community bank leverage ratio),341110.15,273267.0,0.8011107262566065,0.03750952757350347,0.03537729191073722,0.06470851101034651,0.14819951389974714,0.1462447245472638,CBLR filer: steps 2 and 3 do not apply
639567,"CREDIT ONE BANK, NATIONAL ASSOCIATION",2024-09-30,1212581.0,6786785.0,1891259.5,1212581.0,,477206.0,,,,,,,,,,,,not computable — no RWA reported (community bank leverage ratio),339339.25,280755.0,0.8273578726893515,0.04004021174667919,0.037361627800534564,0.08973602447072425,0.2138323934308905,0.15476491879717727,CBLR filer: steps 2 and 3 do not apply
639567,"CREDIT ONE BANK, NATIONAL ASSOCIATION",2024-12-31,1310730.0,6689926.0,1979722.6,1310730.0,,509701.0,,,,,,,,,,,,not computable — no RWA reported (community bank leverage ratio),334496.30000000005,280073.0,0.8372977518734884,0.03683596163969696,0.03858307965790056,0.11654786225070139,0.2766157860319758,0.14327435856354856,CBLR filer: steps 2 and 3 do not apply
639567,"CREDIT ONE BANK, NATIONAL ASSOCIATION",2025-03-31,1315523.0,7400656.0,2055588.6,1315523.0,,586017.0,,,,,,,,,,,,not computable — no RWA reported (community bank leverage ratio),370032.80000000005,403400.0,1.0901736278513687,0.03661281482725882,0.03897157252286733,0.03318190933070077,0.07501272578629935,0.13627355812099065,CBLR filer: steps 2 and 3 do not apply
639567,"CREDIT ONE BANK, NATIONAL ASSOCIATION",2025-06-30,1399005.0,7504854.0,2149490.4,1399005.0,,633504.0,,,,,,,,,,,,not computable — no RWA reported (community bank leverage ratio),375242.7,429140.0,1.1436331739431573,0.03674897516449191,0.034786151586305984,0.06536305722925467,0.14693669290393258,0.13126757945825784,CBLR filer: steps 2 and 3 do not apply
639567,"CREDIT ONE BANK, NATIONAL ASSOCIATION",2025-09-30,1527822.0,7721388.0,2299960.8,1527822.0,,623025.0,,,,,,,,,,,,not computable — no RWA reported (community bank leverage ratio),386069.4,325650.0,0.8435011943448509,0.038653717514213044,0.03518734512266481,0.08914610564109952,0.2106304611616864,0.13296836935192713,CBLR filer: steps 2 and 3 do not apply
639567,"CREDIT ONE BANK, NATIONAL ASSOCIATION",2025-12-31,1710913.0,8111296.0,2522042.6,1710913.0,,545692.0,,,,,,,,,,,,not computable — no RWA reported (community bank leverage ratio),405564.80000000005,214649.0,0.5292594426340747,0.037769307965980735,0.03601293578340921,0.11056846486111549,0.2653416149068323,0.14538378047276512,CBLR filer: steps 2 and 3 do not apply
673440,FIRST SECURITY BANK,2023-03-31,10983.0,66959.0,17678.9,10983.0,6364711.0,1323501.0,0.20794361283646656,10983.0,7955.505000000001,13259.175000000001,17678.9,0.20804257221532432,0.2078692737432756,0.20772507874202792,0.20777966919233118,True,True,above buffer,3347.9500000000003,3514629.0,1049.785391060201,0.0032777929527451517,0.0,0.0012733060482037289,0.013005911778080945,8.810070108349267,
673440,FIRST SECURITY BANK,2023-06-30,11139.0,67978.0,17936.8,11139.0,6339442.0,1346752.0,0.2124401485178033,11139.0,8071.5599999999995,13452.599999999999,17936.8,0.2125429908297593,0.21236264607863478,0.21221259240786963,0.2122694357204301,True,True,above buffer,3398.9,3432306.0,1009.8284739180323,0.0037705359547535685,0.0,0.0013838436256702993,0.024130773222625843,8.817129006194453,
673440,FIRST SECURITY BANK,2023-09-30,11243.0,69099.0,18152.9,11243.0,6300897.0,1366812.0,0.21692339995400656,11243.0,8168.805000000001,13614.675000000001,18152.9,0.21702928810808295,0.21684178011022195,0.21668577077082052,0.21674512924486358,True,True,above buffer,3454.9500000000003,3350919.0,969.8892892805974,0.015476296362180912,0.0,0.002393829240180867,0.0367053816827733,8.87343235791159,
673440,FIRST SECURITY BANK,2023-12-31,11749.0,69890.0,18738.0,11749.0,6397021.0,1392372.0,0.21765943866684195,11749.0,8432.1,14053.5,18738.0,0.21777235515168744,0.21758105600348038,0.217421896592916,0.21748123349045617,True,True,above buffer,3494.5,3394109.0,971.2717126913722,0.005702612988339433,0.0,0.002933310326977828,0.04831334656198775,8.638181972933866,
673440,FIRST SECURITY BANK,2024-03-31,11063.0,71773.0,18240.3,11063.0,6411831.0,1411798.0,0.22018640229288639,11063.0,8208.135,13680.224999999999,18240.3,0.22028448386475386,0.2200965617740254,0.21994020478210008,0.2200017025301077,True,True,above buffer,3588.65,3628768.0,1011.1791342148161,0.008496791105486758,0.0,0.0006933009792876333,0.01230609238235549,9.283648196691676,
673440,FIRST SECURITY BANK,2024-06-30,11427.0,73738.0,18800.8,11427.0,6374856.0,1232976.0,0.19341236884409624,11427.0,8460.36,14100.599999999999,18800.8,0.19350241825291203,0.19333128614565742,0.19318890711205666,0.193244724122388,True,True,above buffer,3686.9,3611353.0,979.5093438932436,0.010063883784020303,0.0,0.0035547078203572047,0.024189353216577076,9.110002625360988,
673440,FIRST SECURITY BANK,2024-09-30,11563.0,75887.0,19151.7,11563.0,6099056.0,1261347.0,0.2068102014475683,11563.0,8618.265000000001,14363.775000000001,19151.7,0.20691010140216004,0.2067152747943678,0.20655319933710897,0.20661738996323192,True,True,above buffer,3794.3500000000004,3892669.0,1025.911948027989,0.007437516215515005,0.0,0.005985426786953504,0.03721374045801527,9.12712963763729,
673440,FIRST SECURITY BANK,2024-12-31,11762.0,76423.0,19404.3,11762.0,6221052.0,1199652.0,0.1928374815063433,11762.0,8731.935,14553.224999999999,19404.3,0.192931451921615,0.19275099912241123,0.19260087944916482,0.1926599755156905,True,True,above buffer,3821.15,3460958.0,905.7372780445677,0.015813637136541405,0.0,0.007638888888888889,0.05095486111111111,9.083319163407584,
673440,FIRST SECURITY BANK,2025-03-31,11968.0,77924.0,19760.4,11968.0,6160818.0,1235445.0,0.20053262407686773,11968.0,8892.18,14820.300000000001,19760.4,0.20063279102731127,0.20043982560196316,0.2002793043956869,0.20034257429663369,True,True,above buffer,3896.2000000000003,3656463.0,938.4690210974795,0.005431149732620321,0.0,0.0019491450341100381,0.013644015238770266,8.946941844919786,
673440,FIRST SECURITY BANK,2025-06-30,11379.0,79035.0,19282.5,11379.0,6286661.0,1271172.0,0.20220145479452448,11379.0,8677.125,14461.875,19282.5,0.20228839410218155,0.20210234713253725,0.20194756920832252,0.20201098081475174,True,True,above buffer,3951.75,3647001.0,922.8825204023534,0.005888039370770718,0.0,0.0025380710659898475,0.02704358480658148,9.563494155901221,
673440,FIRST SECURITY BANK,2025-09-30,11960.0,79366.0,19896.6,11960.0,6362015.0,1309295.0,0.20579879173500848,11960.0,8953.47,14922.449999999999,19896.6,0.20589609310584864,0.20570300685040133,0.20554237806139689,0.20560642155920567,True,True,above buffer,3968.3,3829727.0,965.0800090718948,0.008695652173913044,0.0,0.005192557334487235,0.04015577672003462,9.206688963210702,
673440,FIRST SECURITY BANK,2025-12-31,11975.0,79144.0,19889.4,11975.0,6488503.0,1347998.0,0.20775177263538291,11975.0,8950.230000000001,14917.050000000001,19889.4,0.20784866623474887,0.2076576154642178,0.20749867457716,0.20756189125994998,True,True,above buffer,3957.2000000000003,3665770.0,926.3544930759122,0.008768267223382045,0.0,0.006802721088435374,0.05207021080036953,9.32901878914405,
67656,FIRST SAVINGS BANK,2023-03-31,200106.0,157239.0,215829.9,200106.0,1111058.0,193055.0,0.17375780562310877,200106.0,97123.455,161872.425,215829.9,0.19150848187252015,0.17995022810931993,0.17133306809418933,0.1719328859260636,True,True,above buffer,7861.950000000001,307988.0,39.17450505281768,0.05295193547419867,0.0,0.07243481606439965,0.08692177927727959,0.290675941750872,
67656,FIRST SAVINGS BANK,2023-06-30,206275.0,151374.0,221412.4,206275.0,1134538.0,197452.0,0.17403736146343268,206275.0,99635.58,166059.3,221412.4,0.19209288138135186,0.1804331319941118,0.17174586844251866,0.17231306588876838,True,True,above buffer,7568.700000000001,296028.0,39.112132862975145,0.057859653375348444,0.0,0.136485718206591,0.17528769432845184,0.2990813234759423,
67656,FIRST SAVINGS BANK,2023-09-30,200434.0,149015.0,215335.5,200434.0,1116922.0,195658.0,0.17517606421934567,200434.0,96900.975,161501.625,215335.5,0.19307295108475006,0.1815026744807493,0.17286970980899408,0.1734405861192261,True,True,above buffer,7450.75,290328.0,38.96627856256082,0.06775297604198889,0.0,0.21063329701811725,0.27456825243110194,0.37338475508147323,
67656,FIRST SAVINGS BANK,2023-12-31,203116.0,143225.0,217438.5,203116.0,1123302.0,199708.0,0.17778656140557036,203116.0,97847.325,163078.875,217438.5,0.19617039550252444,0.18435749612946695,0.17554825867410556,0.17610253395178382,True,True,above buffer,7161.25,290192.0,40.52253447373015,0.06899998030681975,0.0,0.292,0.36400499375780276,0.36548080899584473,
67656,FIRST SAVINGS BANK,2024-03-31,192191.0,147654.0,206956.4,192191.0,1130430.0,218086.0,0.19292304698212184,192191.0,93130.38,155217.3,206956.4,0.21145285503822112,0.1994464707917454,0.19043562347526022,0.1910514465542194,True,True,above buffer,7382.700000000001,300770.0,40.73983772874422,0.0611110822046818,0.0,0.08679517313852605,0.09039450505378692,0.38198458824814896,
67656,FIRST SAVINGS BANK,2024-06-30,189088.0,143798.0,203467.8,189088.0,1090789.0,216206.0,0.19821065302272026,189088.0,91560.51,152600.84999999998,203467.8,0.21767278589099864,0.20507030315843605,0.1956316537347055,0.19627009119724473,True,True,above buffer,7189.900000000001,344915.0,47.97215538463678,0.05927927737349806,0.0,0.16575064932316985,0.18462995191570172,0.39439308681672025,
67656,FIRST SAVINGS BANK,2024-09-30,189117.0,137206.0,202837.6,189117.0,1091876.0,224097.0,0.20524033864651298,189117.0,91276.92,152128.2,202837.6,0.22544155144816094,0.21243693164539298,0.20269327890480124,0.20332409864226952,True,True,above buffer,6860.3,353356.0,51.50736848242788,0.06339461814643844,0.0,0.23689786318900766,0.27605860604070215,0.3963789611721844,
67656,FIRST SAVINGS BANK,2024-12-31,187804.0,130543.0,200858.3,187804.0,1100292.0,232063.0,0.21091037651823333,187804.0,90386.235,150643.72499999998,200858.3,0.23139790803380247,0.21828245225209508,0.20843739275012635,0.2090501858769129,True,True,above buffer,6527.150000000001,348109.0,53.332465164734984,0.060445996890375074,0.0,0.318072624353288,0.3690551985746922,0.38869246661412965,
67656,FIRST SAVINGS BANK,2025-03-31,177283.0,133516.0,190634.6,177283.0,1100875.0,240297.0,0.21827818780515498,177283.0,85785.57,142975.95,190634.6,0.2380645331756282,0.22529928824506681,0.2156625950233103,0.21631059889258034,True,True,above buffer,6675.8,400090.0,59.93139399023338,0.05690336918937518,0.0,0.07824906722056456,0.08953583576487914,0.4000327160528646,
67656,FIRST SAVINGS BANK,2025-06-30,174334.0,134106.0,187744.6,174334.0,1111749.0,249672.0,0.22457587099246323,174334.0,84485.07,140808.45,187744.6,0.24432134543253334,0.23155868108785801,0.2218991865687321,0.22256235798860047,True,True,above buffer,6705.3,390459.0,58.23139904254843,0.055485447474388244,0.0,0.15250715512306812,0.18316542644533487,0.3965319444285108,
67656,FIRST SAVINGS BANK,2025-09-30,174441.0,134597.0,187900.7,174441.0,1135436.0,258405.0,0.22758217988508378,174441.0,84555.315,140925.52500000002,187900.7,0.24714735990491285,0.23450420800538227,0.22491597801262553,0.2255766546298156,True,True,above buffer,6729.85,398309.0,59.185420180241756,0.05960181379377555,0.0,0.22036210031997422,0.27559793743237954,0.39465492630746213,
67656,FIRST SAVINGS BANK,2025-12-31,175727.0,134000.0,189127.0,175727.0,1173841.0,266886.0,0.22736128657969862,175727.0,85107.15000000001,141845.25,189127.0,0.24638182147754412,0.23411889503944988,0.2247951342650734,0.22543122635445323,True,True,above buffer,6700.0,386232.0,57.6465671641791,0.0591428750277419,0.0,0.2915557246101179,0.36822388971495096,0.38905802750857865,
731247,HILLS BANK AND TRUST COMPANY,2023-03-31,12041.0,67528.0,18793.8,12041.0,,519497.0,,,,,,,,,,,,not computable — no RWA reported (community bank leverage ratio),3376.4,911046.0,269.82762705840537,0.013454032057138111,0.0,0.00802900802900803,0.02132435465768799,3.41084627522631,CBLR filer: steps 2 and 3 do not apply
731247,HILLS BANK AND TRUST COMPANY,2023-06-30,11831.0,69245.0,18755.5,11831.0,,528953.0,,,,,,,,,,,,not computable — no RWA reported (community bank leverage ratio),3462.25,762135.0,220.12708498808578,0.02349759107429634,0.002873806102611783,0.010357894736842106,0.042105263157894736,3.7418645930183416,CBLR filer: steps 2 and 3 do not apply
731247,HILLS BANK AND TRUST COMPANY,2023-09-30,12246.0,71008.0,19346.8,12246.0,,536635.0,,,,,,,,,,,,not computable — no RWA reported (community bank leverage ratio),3550.4,805343.0,226.83162460567823,0.01314715008982525,0.0,0.01541994750656168,0.06291010498687664,3.9523109586803855,CBLR filer: steps 2 and 3 do not apply
731247,HILLS BANK AND TRUST COMPANY,2023-12-31,12585.0,73677.0,19952.7,12585.0,,541566.0,,,,,,,,,,,,not computable — no RWA reported (community bank leverage ratio),3683.8500000000004,838903.0,227.72452732874572,0.022010329757647995,0.0,0.0166900639525815,0.08290438309156138,3.9261025029797376,CBLR filer: steps 2 and 3 do not apply
731247,HILLS BANK AND TRUST COMPANY,2024-03-31,12108.0,74851.0,19593.1,12108.0,,539229.0,,,,,,,,,,,,not computable — no RWA reported (community bank leverage ratio),3742.55,878084.0,234.6218487394958,0.016930954740667328,0.0,0.014710610932475884,0.023954983922829583,4.115460852329039,CBLR filer: steps 2 and 3 do not apply
731247,HILLS BANK AND TRUST COMPANY,2024-06-30,12464.0,75569.0,20020.9,12464.0,,550503.0,,,,,,,,,,,,not computable — no RWA reported (community bank leverage ratio),3778.4500000000003,823225.0,217.87373129193185,0.03313543003851091,0.0,0.020868448511116463,0.04735532546753351,3.9898908857509627,CBLR filer: steps 2 and 3 do not apply
731247,HILLS BANK AND TRUST COMPANY,2024-09-30,13537.0,75827.0,21119.7,13537.0,,557373.0,,,,,,,,,,,,not computable — no RWA reported (community bank leverage ratio),3791.3500000000004,943819.0,248.9400873039946,0.01551303833936618,7.387161113983896e-05,0.03057442865966646,0.06886967263743052,3.7098323114427125,CBLR filer: steps 2 and 3 do not apply
731247,HILLS BANK AND TRUST COMPANY,2024-12-31,13045.0,76671.0,20712.1,13045.0,,566359.0,,,,,,,,,,,,not computable — no RWA reported (community bank leverage ratio),3833.55,1067535.0,278.4716516023007,0.02246071291682637,0.0,0.038234165067178506,0.09159309021113243,3.9049444231506323,CBLR filer: steps 2 and 3 do not apply
731247,HILLS BANK AND TRUST COMPANY,2025-03-31,12949.0,78124.0,20761.4,12949.0,,567570.0,,,,,,,,,,,,not computable — no RWA reported (community bank leverage ratio),3906.2000000000003,1011324.0,258.9022579489017,0.019538188277087035,0.0,0.0053480204342273305,0.02306832694763729,4.089118850876516,CBLR filer: steps 2 and 3 do not apply
731247,HILLS BANK AND TRUST COMPANY,2025-06-30,12254.0,78953.0,20149.3,12254.0,,580696.0,,,,,,,,,,,,not computable — no RWA reported (community bank leverage ratio),3947.65,994064.0,251.81158410700036,0.02064631956912029,0.0,0.006555227794165847,0.04588659455916093,4.408356455035091,CBLR filer: steps 2 and 3 do not apply
731247,HILLS BANK AND TRUST COMPANY,2025-09-30,12728.0,79584.0,20686.4,12728.0,,590905.0,,,,,,,,,,,,not computable — no RWA reported (community bank leverage ratio),3979.2000000000003,1009960.0,253.8098110172899,0.019327467001885607,0.0,0.015645057766367137,0.06683247753530167,4.6430703959773725,CBLR filer: steps 2 and 3 do not apply
731247,HILLS BANK AND TRUST COMPANY,2025-12-31,12176.0,80910.0,20267.0,12176.0,,601341.0,,,,,,,,,,,,not computable — no RWA reported (community bank leverage ratio),4045.5,997698.0,246.61920652576939,0.01971090670170828,0.0,0.01966134339138111,0.08939892464489206,4.780223390275952,CBLR filer: steps 2 and 3 do not apply
773247,MIDLAND STATES BANK,2023-03-31,0.0,51489.0,5148.900000000001,0.0,7217639.0,712121.0,0.09866398139336145,0.0,2317.005,3861.675,5148.900000000001,0.09863231846659985,0.09861122113652646,0.09859364692129474,0.09861122113652646,True,True,above buffer,2574.4500000000003,947164.0,367.90926217250285,,,,,,
773247,MIDLAND STATES BANK,2023-06-30,0.0,51129.0,5112.900000000001,0.0,7147707.0,718515.0,0.10052384631882644,0.0,2300.8050000000003,3834.675,5112.900000000001,0.10049149869424513,0.10046994517444381,0.10045199096932386,0.10046994517444381,True,True,above buffer,2556.4500000000003,1039981.0,406.80670460990825,,,,,,
773247,MIDLAND STATES BANK,2023-09-30,0.0,50000.0,5000.0,0.0,7086387.0,724275.0,0.10220652640054798,0.0,2250.0,3750.0,5000.0,0.10217408508857204,0.1021524689861423,0.10213446255295332,0.1021524689861423,True,True,above buffer,2500.0,963699.0,385.4796,,,,,,
773247,MIDLAND STATES BANK,2023-12-31,0.0,0.0,,,,,,,,,,,,,,,,,,,,,,,,,no credit-card exposure reported
773247,MIDLAND STATES BANK,2024-03-31,0.0,0.0,,,,,,,,,,,,,,,,,,,,,,,,,no credit-card exposure reported
773247,MIDLAND STATES BANK,2024-06-30,0.0,22221.0,2222.1,0.0,6724142.0,743881.0,0.11062838946589766,0.0,999.9449999999999,1666.5749999999998,2222.1,0.11061194039972043,0.110600977072857,0.11059184262713344,0.110600977072857,True,True,above buffer,1111.05,1219737.0,1097.8236803024167,,,,,,
773247,MIDLAND STATES BANK,2024-09-30,0.0,39381.0,3938.1000000000004,0.0,6567497.0,752606.0,0.11459556053089937,0.0,1772.1450000000002,2953.5750000000003,3938.1000000000004,0.11456464690182823,0.11454404708005889,0.11452688622002827,0.11454404708005889,True,True,above buffer,1969.0500000000002,1333963.0,677.4652751326781,,,,,,
773247,MIDLAND STATES BANK,2024-12-31,0.0,52440.0,5244.0,0.0,6372584.0,712263.0,0.11176988800775321,0.0,2359.8,3933.0,5244.0,0.11172851437529537,0.11170094896634009,0.11167798818030214,0.11170094896634009,True,True,above buffer,2622.0,1322340.0,504.324942791762,,,,,,
773247,MIDLAND STATES BANK,2025-03-31,0.0,66268.0,6626.8,0.0,6173515.0,714213.0,0.11568984606014564,0.0,2982.06,4970.1,6626.8,0.11563399011801684,0.11559678277770712,0.11556579494664669,0.11559678277770712,True,True,above buffer,3313.4,1466207.0,442.50829963179814,,,,,,
773247,MIDLAND STATES BANK,2025-06-30,0.0,83575.0,8357.5,0.0,5737532.0,716530.0,0.12488470652538408,0.0,3760.875,6268.125,8357.5,0.12480289990431816,0.12474842167318627,0.12470305946537956,0.12474842167318627,True,True,above buffer,4178.75,1526944.0,365.4068800478612,,,,,,
773247,MIDLAND STATES BANK,2025-09-30,0.0,96222.0,9622.2,0.0,5525214.0,667665.0,0.12083966340489255,0.0,4329.990000000001,7216.650000000001,9622.2,0.12074503814554154,0.12068203692711447,0.12062958611132882,0.12068203692711447,True,True,above buffer,4811.1,1545054.0,321.1436054124836,,,,,,
773247,MIDLAND STATES BANK,2025-12-31,0.0,115596.0,11559.6,0.0,5026125.0,655751.0,0.1304685020766495,0.0,5201.820000000001,8669.7,11559.6,0.1303336124764004,0.130243840925629,0.13016912571303096,0.130243840925629,True,True,above buffer,5779.8,1648519.0,285.2207688847365,,,,,,
77851,FIRST BANK & TRUST,2023-03-31,45042.0,4968577.0,541899.7,45042.0,,405926.0,,,,,,,,,,,,not computable — no RWA reported (community bank leverage ratio),248428.85,908162.0,3.655622122792904,0.0007326495271080325,0.0014875005550375206,6.619338397127208e-05,0.011004650085223982,0.8458327782958128,CBLR filer: steps 2 and 3 do not apply
77851,FIRST BANK & TRUST,2023-06-30,80064.0,5262673.0,606331.3,80064.0,,403810.0,,,,,,,,,,,,not computable — no RWA reported (community bank leverage ratio),263133.65,901091.0,3.424461295619165,0.00029976019184652276,0.0004246602717825739,0.00045325247725922917,0.02136538401425401,0.4801908473221423,CBLR filer: steps 2 and 3 do not apply
77851,FIRST BANK & TRUST,2023-09-30,86569.0,5694379.0,656006.9,86569.0,,413600.0,,,,,,,,,,,,not computable — no RWA reported (community bank leverage ratio),284718.95,879714.0,3.0897627291755607,0.00038119881250794164,0.00027723550000577574,0.0005800143622603989,0.03057504281058388,0.45942542942623804,CBLR filer: steps 2 and 3 do not apply
77851,FIRST BANK & TRUST,2023-12-31,105213.0,5801461.0,685359.1,105213.0,,419553.0,,,,,,,,,,,,not computable — no RWA reported (community bank leverage ratio),290073.05,888014.0,3.061346098853375,0.00038018115632098697,0.0001520724625283948,0.0006068215107763131,0.03635697844737393,0.39651944151388135,CBLR filer: steps 2 and 3 do not apply
77851,FIRST BANK & TRUST,2024-03-31,78907.0,5820970.0,661004.0,78907.0,,433524.0,,,,,,,,,,,,not computable — no RWA reported (community bank leverage ratio),291048.5,858676.0,2.9502849181493804,0.0008997934277060336,0.000190097203036486,0.00022506248445292048,0.01372881155162815,0.5326143434676265,CBLR filer: steps 2 and 3 do not apply
77851,FIRST BANK & TRUST,2024-06-30,76087.0,5760968.0,652183.8,76087.0,,441243.0,,,,,,,,,,,,not computable — no RWA reported (community bank leverage ratio),288048.4,862767.0,2.9952153874140595,0.0008674280757553853,0.0009462851735513294,0.000521136319565639,0.027583866589102193,0.5608973937729178,CBLR filer: steps 2 and 3 do not apply
77851,FIRST BANK & TRUST,2024-09-30,70556.0,5767662.0,647322.2000000001,70556.0,,451980.0,,,,,,,,,,,,not computable — no RWA reported (community bank leverage ratio),288383.10000000003,867154.0,3.006951516923148,0.001162197403480923,0.00045354045013889675,0.0010756032449524401,0.04338698390482855,0.6115426044560349,CBLR filer: steps 2 and 3 do not apply
77851,FIRST BANK & TRUST,2024-12-31,79966.0,5832951.0,663261.1,79966.0,,460471.0,,,,,,,,,,,,not computable — no RWA reported (community bank leverage ratio),291647.55,870064.0,2.9832721036058762,0.001725733436710602,0.0008128454593202111,0.0015024462907554609,0.0559757553966073,0.5445189205412301,CBLR filer: steps 2 and 3 do not apply
77851,FIRST BANK & TRUST,2025-03-31,69769.0,6185563.0,688325.3,69769.0,,466975.0,,,,,,,,,,,,not computable — no RWA reported (community bank leverage ratio),309278.15,1035571.0,3.348348404179215,0.0013043042038727803,0.0013186372171021515,0.0012527760378110587,0.012243038551335345,0.6227407587897204,CBLR filer: steps 2 and 3 do not apply
77851,FIRST BANK & TRUST,2025-06-30,73733.0,6073261.0,681059.1,73733.0,,474712.0,,,,,,,,,,,,not computable — no RWA reported (community bank leverage ratio),303663.05,1014544.0,3.3410189352968693,0.002373428451304029,0.0005018105868471376,0.0020167136793820682,0.023422877178182585,0.5863317646101475,CBLR filer: steps 2 and 3 do not apply
77851,FIRST BANK & TRUST,2025-09-30,64720.0,5796048.0,644324.8,64720.0,,480175.0,,,,,,,,,,,,not computable — no RWA reported (community bank leverage ratio),289802.4,1010934.0,3.4883562040894067,0.0012824474660074166,0.0016687268232385662,0.002441884527833345,0.037138718355521835,0.6698238566131026,CBLR filer: steps 2 and 3 do not apply
77851,FIRST BANK & TRUST,2025-12-31,77763.0,8474177.0,925180.7000000001,77763.0,,484925.0,,,,,,,,,,,,not computable — no RWA reported (community bank leverage ratio),423708.85000000003,973280.0,2.2970490231676775,0.0010930648251739259,0.0004115067577125368,0.0033977679082729923,0.04504905766024866,0.5552126332574617,CBLR filer: steps 2 and 3 do not apply
779351,"MERCHANTS BANK, NATIONAL ASSOCIATION",2023-03-31,18244.0,94923.0,27736.300000000003,18244.0,2294027.0,278148.0,0.1212487908817115,18244.0,12481.335000000001,20802.225000000002,27736.300000000003,0.12155413854317666,0.12111372875352361,0.1207491510924176,0.12087367459666758,True,True,above buffer,4746.150000000001,404253.0,85.17493126007395,0.013648322736242053,0.0014799386099539574,0.0036526647849908682,0.0451602191598871,1.3159394869546153,
779351,"MERCHANTS BANK, NATIONAL ASSOCIATION",2023-06-30,18693.0,95090.0,28202.0,18693.0,2091697.0,273398.0,0.1307063116694244,18693.0,12690.9,21151.5,28202.0,0.13108245122524873,0.13055286486605222,0.1301148007382427,0.1302621759874406,True,True,above buffer,4754.5,276094.0,58.070038910505836,0.014978869095383299,0.0029422778580217193,0.004899180031973596,0.08777267804651642,1.2784999732520195,
779351,"MERCHANTS BANK, NATIONAL ASSOCIATION",2023-09-30,18741.0,96320.0,28373.0,18741.0,2403577.0,289145.0,0.12029778950289506,18741.0,12767.85,21279.75,28373.0,0.12059748736222624,0.12017086044177218,0.11981763701361962,0.11993731543997202,True,True,above buffer,4816.0,268945.0,55.84406146179402,0.017768528893869057,0.004375433541433221,0.0081090493010298,0.12690910899955227,1.3198868790352702,
779351,"MERCHANTS BANK, NATIONAL ASSOCIATION",2023-12-31,19341.0,97011.0,29042.1,19341.0,2459491.0,279220.0,0.11352755509168361,19341.0,13068.945,21781.574999999997,29042.1,0.11381780683256545,0.11341501235671018,0.11308152168476482,0.11319270113826019,True,True,above buffer,4850.55,278461.0,57.408128975064685,0.022232562949175326,0.002481774468745153,0.012123544693543731,0.16429327431925334,1.2941419781810661,
779351,"MERCHANTS BANK, NATIONAL ASSOCIATION",2024-03-31,18307.0,98856.0,28192.6,18307.0,2421214.0,285343.0,0.11785121017803465,18307.0,12686.67,21144.449999999997,28192.6,0.11812541303769852,0.11771326058281477,0.11737199084726928,0.11749142993563197,True,True,above buffer,4942.8,249819.0,50.542000485554745,0.01611405473316218,0.0032228109466324356,0.005036249930820743,0.046599147711550166,1.4007756595837657,
779351,"MERCHANTS BANK, NATIONAL ASSOCIATION",2024-06-30,18042.0,99888.0,28030.800000000003,18042.0,2389311.0,287652.0,0.12039119227258402,18042.0,12613.860000000002,21023.100000000002,28030.800000000003,0.12066532497322457,0.12024116954614363,0.11988997790105264,0.12001488983698531,True,True,above buffer,4994.400000000001,268392.0,53.7385872176838,0.013690278239663008,0.0036581310276022614,0.006704141096384921,0.08880408436903718,1.496286442744707,
779351,"MERCHANTS BANK, NATIONAL ASSOCIATION",2024-09-30,18673.0,100849.0,28757.9,18673.0,2360223.0,289574.0,0.12268925436282928,18673.0,12941.055,21568.425000000003,28757.9,0.12298793804506511,0.1225389286192883,0.12216725092972099,0.1222973349151059,True,True,above buffer,5042.450000000001,373705.0,74.1117908952989,0.016173084132169443,0.007658115996358379,0.013233172478981146,0.1308890104969902,1.5642906870883093,
779351,"MERCHANTS BANK, NATIONAL ASSOCIATION",2024-12-31,19289.0,100686.0,29357.6,19289.0,2471796.0,290374.0,0.11747490488697288,19289.0,13210.92,22018.199999999997,29357.6,0.11776448459278749,0.11734533962313254,0.11699832456613467,0.1171171067612972,True,True,above buffer,5034.3,496480.0,98.61947043283078,0.02135932396702784,0.002436621908859972,0.01828065617934286,0.16972146052821474,1.4770076209238425,
779351,"MERCHANTS BANK, NATIONAL ASSOCIATION",2025-03-31,18332.0,101937.0,28525.7,18332.0,2426261.0,297470.0,0.12260428700786931,18332.0,12836.565,21394.275,28525.7,0.1228826137899892,0.1224497386005574,0.12209133213106732,0.12221916803267209,True,True,above buffer,5096.85,566621.0,111.17082119348224,0.015873881736853588,0.004909447959851625,0.0028778571033261386,0.021749958492445626,1.5683504254854899,
779351,"MERCHANTS BANK, NATIONAL ASSOCIATION",2025-06-30,18265.0,102329.0,28497.9,18265.0,2447365.0,302828.0,0.1237363450077941,18265.0,12824.055,21373.425000000003,28497.9,0.12401204672190347,0.12357938548139938,0.12322113393732963,0.12334953405590075,True,True,above buffer,5116.450000000001,501556.0,98.02812496946123,0.015329865863673693,0.004325212154393649,0.007941828683409828,0.04022484657830953,1.5071448124828908,
779351,"MERCHANTS BANK, NATIONAL ASSOCIATION",2025-09-30,18418.0,101272.0,28545.2,18418.0,2397234.0,310253.0,0.12942124131394767,18418.0,12845.34,21408.9,28545.2,0.1297227976265235,0.12925997059692199,0.12887679671833208,0.12901247797452908,True,True,above buffer,5063.6,591163.0,116.7475708981752,0.014985340427842327,0.003257682701704854,0.011193472961544201,0.058156310631311874,1.5021717884678032,
779351,"MERCHANTS BANK, NATIONAL ASSOCIATION",2025-12-31,18865.0,100569.0,28921.9,18865.0,2443229.0,315202.0,0.12901042022667544,18865.0,13014.855000000001,21691.425000000003,28921.9,0.1293200682993535,0.1288613482664646,0.1284815601801649,0.12861336827715705,True,True,above buffer,5028.450000000001,680534.0,135.3367339836331,0.018870924993373974,0.0027564272462231648,0.011016500697551354,0.07485447635541444,1.3780015902464882,
893855,LEAD BANK,2023-03-31,210149.0,97815.0,219930.5,210149.0,363744.0,82471.0,0.22672813847101259,210149.0,98968.725,164947.875,219930.5,0.3265354120034459,0.258900783764195,0.22079081615579124,0.2222458020353421,True,True,above buffer,4890.75,271628.0,55.53912999028779,0.09168256808264612,0.04347391612617714,4.53029863728617e-06,0.06662257175993042,0.011082612812813766,
893855,LEAD BANK,2023-06-30,215601.0,86945.0,224295.5,215601.0,373543.0,85654.0,0.22930157973780796,215601.0,100932.975,168221.625,224295.5,0.3308701430101538,0.2626105225559717,0.2240858105235619,0.22536738068041853,True,True,above buffer,4347.25,226559.0,52.115475300477314,0.09357099456867084,0.04023172434265147,6.467677780292985e-05,0.11976291341165383,0.015691021841271607,
893855,LEAD BANK,2023-09-30,209806.0,82319.0,218037.9,209806.0,396615.0,90318.0,0.2277220982564956,209806.0,98117.055,163528.425,218037.9,0.31698750751313354,0.25780288817273805,0.22309174159416806,0.22423158730096662,True,True,above buffer,4115.95,223208.0,54.230007653154196,0.10081217887000372,0.030652126249964252,6.451404793393762e-05,0.17401742800923473,0.01554293013545847,
893855,LEAD BANK,2023-12-31,204999.0,84751.0,213474.1,204999.0,386967.0,94573.0,0.24439551693038425,204999.0,96063.345,160105.575,213474.1,0.34015229469900243,0.2764697623895678,0.2391576415358911,0.2404459486352608,True,True,above buffer,4237.55,184008.0,43.42320444596524,0.10783467236425544,0.04652217815696662,6.678975063569531e-05,0.24251835525468363,0.021078151600739517,
893855,LEAD BANK,2024-03-31,188819.0,110145.0,199833.5,188819.0,363360.0,97737.0,0.2689811756935271,188819.0,89925.075,149875.125,199833.5,0.36956346858477024,0.3012704747644711,0.2610674605241543,0.2630019102129287,True,True,above buffer,5507.25,300909.0,54.63870352716873,0.08645846021851615,0.05103829593420154,0.0,0.06192631679648754,0.024653239345616702,
893855,LEAD BANK,2024-06-30,202079.0,120260.0,214105.0,202079.0,385524.0,101428.0,0.2630912731762484,202079.0,96347.25,160578.75,214105.0,0.36251182797236164,0.2948284820452076,0.25513268771223746,0.2570768495742548,True,True,above buffer,6013.0,275319.0,45.78729419590886,0.08313085476472072,0.04572469182844333,0.0,0.11572039164570008,0.024307325352956023,
893855,LEAD BANK,2024-09-30,210592.0,134174.0,224009.4,210592.0,380739.0,106320.0,0.27924641289702395,210592.0,100804.23,168007.05,224009.4,0.39239533992888687,0.31441291328611914,0.2697406410247303,0.2720558912114202,True,True,above buffer,6708.700000000001,354853.0,52.894450489662674,0.08223959124753077,0.04079452210910196,0.0001246034256357171,0.16503244481505977,0.024858494149825255,
893855,LEAD BANK,2024-12-31,224901.0,183321.0,243233.1,224901.0,500580.0,121388.0,0.2424947061408766,224901.0,109454.895,182424.825,243233.1,0.31518389208511494,0.26497923260081924,0.2339278656250259,0.23601232343320275,True,True,above buffer,9166.050000000001,662067.0,72.23035004173008,0.08254298558032201,0.04529103916834518,0.0010883941364488042,0.2171828502149234,0.02411283186824425,
893855,LEAD BANK,2025-03-31,216537.0,232493.0,239786.3,216537.0,482388.0,126719.0,0.2626910287983947,216537.0,107903.83499999999,179839.72499999998,239786.3,0.3390431056229681,0.28432047806245014,0.25061244492841017,0.2535267470378006,True,True,above buffer,11624.650000000001,736739.0,63.37730598340595,0.06929069858730841,0.04555341581346375,0.00252736891729087,0.056898538578387725,0.030059527932870596,
893855,LEAD BANK,2025-06-30,271786.0,292397.0,301025.7,271786.0,497358.0,133103.0,0.26762010463288016,271786.0,135461.565,225769.27500000002,301025.7,0.36867209285651875,0.29490544599538343,0.25276031399301596,0.25631837760863907,True,True,above buffer,14619.85,620951.0,42.47314438930632,0.0644404053188906,0.039700352483203694,0.004871375533836102,0.10344987947511607,0.029593135775941366,
893855,LEAD BANK,2025-09-30,288532.0,349111.0,323443.1,288532.0,533072.0,171250.0,0.32125116306990426,288532.0,145549.395,242582.32499999998,323443.1,0.4390019369790865,0.35155440679094313,0.3015054497220076,0.3062107633932677,True,True,above buffer,17455.55,815541.0,46.72101423329543,0.07087602068401425,0.04288605769897273,0.006870594260914103,0.1458223821654334,0.02971247556596842,
893855,LEAD BANK,2025-12-31,326374.0,384849.0,364858.9,326374.0,762261.0,179534.0,0.23552825082222492,326374.0,164186.505,273644.17500000005,364858.9,0.29918668047175323,0.2530318699527191,0.22420845364303457,0.22693515405773432,True,True,above buffer,19242.45,1229601.0,63.90043887342828,0.07157432883746867,0.04606371831089486,0.02197757908704225,0.19294944133731817,0.0350518117251987,
944355,FIRST NATIONAL BANK,2023-03-31,83194.0,61186.0,89312.6,83194.0,340091.0,51262.0,0.15073024572834917,83194.0,40190.670000000006,66984.45000000001,89312.6,0.17254839287002385,0.15827396104346203,0.1480663736649706,0.14872347521229476,True,True,above buffer,3059.3,84904.0,27.75275389795051,0.055496790633939946,0.0,0.0729319803506759,0.08704746196230294,0.290297377214703,
944355,FIRST NATIONAL BANK,2023-06-30,86556.0,59327.0,92488.7,86556.0,351644.0,49145.0,0.13975782325306277,86556.0,41619.915,69366.525,92488.7,0.16023388245458225,0.14694075375419124,0.137439044546247,0.13801149571590776,True,True,above buffer,2966.3500000000004,82645.0,27.86083907832858,0.05862100836452701,0.0,0.1388999882477377,0.17454459983546833,0.35855399972272284,
944355,FIRST NATIONAL BANK,2023-09-30,89330.0,58327.0,95162.7,89330.0,359080.0,50389.0,0.14032806059930936,89330.0,42823.215,71372.025,95162.7,0.1612070311270913,0.1477154692664597,0.13808508171954553,0.13863907733711664,True,True,above buffer,2916.3500000000004,80810.0,27.709294151936493,0.06539796261054517,0.0,0.21365796575358822,0.2713562438803047,0.3511698197693944,
944355,FIRST NATIONAL BANK,2023-12-31,86013.0,55422.0,91555.2,86013.0,362858.0,51107.0,0.14084573028567648,86013.0,41199.84,68666.4,91555.2,0.16069117801125152,0.14791697176996185,0.1387268519398198,0.13925057215018527,True,True,above buffer,2771.1000000000004,94067.0,33.945725524160075,0.0703614569890598,0.0,0.29740340648619423,0.3585508915872251,0.3596433097322498,
944355,FIRST NATIONAL BANK,2024-03-31,80955.0,55831.0,86538.1,80955.0,352245.0,51573.0,0.14641229825831453,80955.0,38942.145000000004,64903.575000000004,86538.1,0.16624002648081487,0.15340269367134693,0.14412786474846442,0.1446922638119312,True,True,above buffer,2791.55,113617.0,40.70032777489208,0.06398616515348032,0.0,0.08959967621745807,0.08849262561453212,0.3770366252856525,
944355,FIRST NATIONAL BANK,2024-06-30,78107.0,55831.0,83690.1,78107.0,352411.0,52175.0,0.1480515647922454,78107.0,37660.545000000006,62767.575000000004,83690.1,0.16724656963822604,0.15478908300114003,0.14574262536728957,0.1463130820931366,True,True,above buffer,2791.55,106393.0,38.11251813508624,0.06273445401820579,0.0,0.17612485054433327,0.1815618903782015,0.3946893364231119,
944355,FIRST NATIONAL BANK,2024-09-30,76400.0,49490.0,81349.0,76400.0,364831.0,53740.0,0.14730107912978885,76400.0,36607.05,61011.75,81349.0,0.16533448930056036,0.1537877091454895,0.1453296554708205,0.14581754762507199,True,True,above buffer,2474.5,97400.0,39.36148716912508,0.06634816753926702,0.0,0.2579244575962371,0.27509788465762985,0.3968324607329843,
944355,FIRST NATIONAL BANK,2024-12-31,74332.0,49490.0,79281.0,74332.0,371529.0,56066.0,0.15090612038360396,74332.0,35676.450000000004,59460.75,79281.0,0.16843037496682298,0.1571983224814265,0.14892238059063212,0.14941340992416202,True,True,above buffer,2474.5,95188.0,38.46756920590018,0.06417155464672011,0.0,0.35092204247386993,0.3709473403901205,0.3914464833449927,
944355,FIRST NATIONAL BANK,2025-03-31,69080.0,46261.0,73706.1,69080.0,379375.0,58347.0,0.15379769357495882,69080.0,33167.745,55279.575000000004,73706.1,0.16987868655157928,0.1596035501101246,0.1519448772412371,0.15240388348195869,True,True,above buffer,2313.05,104898.0,45.350511229761565,0.059322524609148816,0.0,0.0831396239021199,0.08583995657196944,0.4023451071221772,
944355,FIRST NATIONAL BANK,2025-06-30,66235.0,45682.0,70803.2,66235.0,379637.0,60665.0,0.15979738539710303,66235.0,31861.44,53102.399999999994,70803.2,0.17570641131305417,0.16552325156260062,0.15789739441319378,0.15836814373817998,True,True,above buffer,2284.1,94589.0,41.41193467886695,0.057069525175511435,0.0,0.16425320645428218,0.17697558957385187,0.3854910545783951,
944355,FIRST NATIONAL BANK,2025-09-30,64596.0,45226.0,69118.6,64596.0,373660.0,62727.0,0.16787186212064445,64596.0,31103.370000000003,51838.950000000004,69118.6,0.18440040266060792,0.173805728105021,0.16586432056895267,0.16636169100836104,True,True,above buffer,2261.3,100582.0,44.47972405253615,0.060297851260139944,0.0,0.23806508037033686,0.26644349950239754,0.38846058579478604,
944355,FIRST NATIONAL BANK,2025-12-31,63134.0,44279.0,67561.9,63134.0,381293.0,64751.0,0.1698195351081714,63134.0,30402.855,50671.424999999996,67561.9,0.1857661676720191,0.17555764278394334,0.1678700843018877,0.16835323890054163,True,True,above buffer,2213.9500000000003,102700.0,46.38767813184579,0.05969841923527735,0.0,0.31776395208468755,0.3593338904881295,0.390233471663446,
